,Genotype,Germplasm,Accession,Plant.Name,Latitude,Longitude,TC,OC,TN,TS,CACO3,PHH2O,PHK,PHCA,ECE,EXCA,EXMG,EXNA,EXK,EXAL,EXH,CEC,SAND,BS,SILT,CLAY,BD,VMC1,VMC2,VMC3,PBR,PNZ,ESP,bulk_1m,cat_1m,clay_1m,coarse_1m,org_1m,carbon_cont_1m,pH_H20_1m,pH_KCl_1m,silt_1m,sand_1m,texture_1m,P_ret,Alt,AI,PARFall,PARSpr,PARSum,PARWin,prec_1,prec_2,prec_3,prec_4,prec_5,prec_6,prec_7,prec_8,prec_9,prec_10,prec_11,prec_12,tmax_1,tmax_2,tmax_3,tmax_4,tmax_5,tmax_6,tmax_7,tmax_8,tmax_9,tmax_10,tmax_11,tmax_12,tmin_1,tmin_2,tmin_3,tmin_4,tmin_5,tmin_6,tmin_7,tmin_8,tmin_9,tmin_10,tmin_11,tmin_12,tmean_1,tmean_2,tmean_3,tmean_4,tmean_5,tmean_6,tmean_7,tmean_8,tmean_9,tmean_10,tmean_11,tmean_12,vpd_1,vpd_2,vpd_3,vpd_4,vpd_5,vpd_6,vpd_7,vpd_8,vpd_9,vpd_10,vpd_11,vpd_12,Ann.Mean.Tmp,Mean.Diurn.Rng,Isotherm,Tmp.Seas,Max.Tmp.Wrm.M,Min.Tmp.Cld.M,Tmp.Ann.Rng,Mean.Tmp.Wet.Q,Mean.Tmp.Dry.Q,Mean.Tmp.Wrm.Q,Mean.Tmp.Cld.Q,Ann.Prc,Prc.Wet.M,Prc.Dry.M,Prc.Seas,Prc.Wet.Q,Prc.Dry.Q,Prc.Wrm.Q,Prc.Cld.Q,pet_annual,pet_1,pet_2,pet_3,pet_4,pet_5,pet_6,pet_7,pet_8,pet_9,pet_10,pet_11,pet_12,WTD,AlTox,IA.cv.prec_1,IA.cv.prec_2,IA.cv.prec_3,IA.cv.prec_4,IA.cv.prec_5,IA.cv.prec_6,IA.cv.prec_7,IA.cv.prec_8,IA.cv.prec_9,IA.cv.prec_10,IA.cv.prec_11,IA.cv.prec_12,soil_m,topsoil_pH,AI.Dry.M
1,X1,Landrace,PI586719,CHZM 10 041,-41,-73,3.09,5.19,0.28,0.03,0,5.2,4.1,4.5,0,1.01,0.69,0.1,0.27,0,0.1,21.02,41,17,34,25,1.09,31,37,16,13,35.74,2,1072,32,29,14,44,11,55,49,37,34,4,9,150,17902,84.6791687,54.18888855,31.17638969,115.7013855,72,68,85,143,235,237,232,205,141,117,92,91,212,210,185,148,121,100,96,106,125,148,170,194,117,113,99,77,65,50,39,46,53,71,87,106,165,161,142,113,93,75,68,76,89,109,129,150,0.372236878,0.310511112,0.227439046,0.152043357,0.117636472,0.08420898,0.096126661,0.117761694,0.151288912,0.208189473,0.283732891,0.363685578,114,66,390,3333,210,39,170,81,162,162,70,1718,237,68,45,709,208,208,701,858,132,103,85,51,31,21,24,36,55,86,106,128,3.190928221,0,0.496930073,0.560388039,0.370570893,0.4499333,0.395030964,0.335189046,0.33188288,0.285953016,0.37798843,0.370029069,0.431998862,0.562101826,16.89999962,5.2,0.545454545
2,X2,Landrace,PI586711,CHZM 09 102,-38,-73,2.68,1.99,0.18,0.03,0,5.1,4.2,5.3,0,3.66,0.9,0.12,0.26,0.26,3.38,18.27,36,37,34,30,1.38,38,34,14,0.99,55.99,1.54,1443,22,32,25,25,11,60,50,22,46,6,5,88,11926,98.6847229,65.19444275,38.2472229,134.9597168,29,21,34,76,165,152,156,125,83,54,43,31,246,242,217,173,140,119,114,125,146,169,195,224,124,120,104,78,67,55,43,50,56,73,90,111,185,181,161,125,103,87,78,88,101,121,143,168,0.541346848,0.469913423,0.362726331,0.246555284,0.155751675,0.131844729,0.140274301,0.162027597,0.213442147,0.281892508,0.375525087,0.483055919,128,85,425,3663,242,43,200,92,182,182,81,969,165,21,65,469,71,71,464,1142,178,142,115,70,41,29,33,48,73,111,136,166,28.16216469,60,1.513544658,1.197534627,1.097897487,0.812428165,0.636228651,0.458131383,0.450625804,0.51104276,0.612992727,0.597405579,0.59912532,1.254868748,14.19999981,5.1,0.147887324
3,X3,Landrace,PI586699,CHZM 08 092,-37,-72,16.39,10.83,0.57,0.03,0,4.8,4.5,4.7,0,2,0.84,0.2,0.38,0.1,0.1,50.1,20,16,56,24,0.66,55,64,36,2.1,75.23,1,1232,29,35,28,32,12,64,49,32,34,4,12,301,11165,104.4486084,70.1902771,40.07777786,144.0861053,19,15,35,76,211,231,219,159,101,68,43,30,277,270,240,185,143,118,114,129,154,184,217,252,132,126,104,73,56,42,30,41,51,70,91,117,204,198,172,129,100,80,72,85,102,127,154,185,0.927912831,0.799157023,0.592841327,0.379315794,0.241460234,0.17895864,0.182327002,0.223274931,0.313454986,0.43052122,0.59072572,0.793594956,134,101,419,4544,270,30,240,87,200,200,75,1207,231,15,79,673,49,49,669,1201,188,149,122,75,45,29,33,48,75,114,144,179,14.39043999,0,1.801521648,1.431094522,1.122472814,0.914600679,0.742806013,0.563180675,0.54375192,0.613364441,0.702396687,0.634108848,0.692251399,1.310812897,16.29999924,5.3,0.100671141
4,X4,Landrace,PI586694,CHZM 07 120,-35,-72,0,0.76,0.14,0.01,0.08,6.2,4.7,4.9,0.03,8.04,3.06,0.13,0.74,0.02,0.04,21.46,26,86,25,49,1.24,13,30,13,23.26,32.11,1.01,1368,24,27,19,16,7,64,52,19,54,6,5,112,6530,109.5944443,73.09305573,44.49027634,143.625,4,3,11,35,105,140,137,86,44,24,16,7,273,266,246,205,167,145,139,150,171,199,229,257,159,153,134,105,86,73,62,69,81,99,121,146,216,210,190,155,127,109,100,110,126,149,175,201,0.690026462,0.598114848,0.456346154,0.281896532,0.168711722,0.12118423,0.127375409,0.155803397,0.20961161,0.303023636,0.457726091,0.613794744,156,87,426,4016,266,62,205,103,212,212,103,612,140,3,98,414,10,10,414,1245,187,150,127,80,49,34,38,53,80,118,147,182,25.5100174,0,2.132442844,1.567361269,1.294058114,1.092821264,0.854405204,0.613582384,0.680859911,0.774867571,0.912951042,0.863784323,1.038750528,1.489194884,12.39999962,6,0.02
5,X5,Landrace,PI516063,ARZM 16 062,-34.9,-67.5,0.86,0.31,0.04,0.03,2.02,8,6.3,6.6,0.13,14.87,1.55,0.23,0.35,0.01,0.01,12.41,65,100,22,13,1.12,17,23,11,27.38,16.08,2.82,1516,18,27,13,11,2,78,60,16,57,6,1,463,1925,115.0194473,76.66666412,53.58889008,140.2569427,54,43,57,29,8,15,7,14,31,16,38,45,301,288,252,205,166,136,132,163,194,233,266,293,195,182,158,109,69,34,26,42,73,117,152,182,248,235,205,157,117,85,79,102,134,175,209,237,1.476012945,1.258607507,0.866972864,0.628533423,0.487544537,0.393608451,0.402507961,0.564594626,0.724151969,0.957828641,1.208427787,1.433133245,165,99,370,5887,293,26,267,215,81,244,81,357,57,7,57,157,29,153,29,1532,223,179,148,94,63,43,49,72,105,149,189,218,3.950000763,0,0.644469266,0.741197423,0.866103416,1.049989136,1.156967615,1.260157268,1.286349176,1.231790994,0.906823741,0.753360975,0.788737267,0.867045698,9.699999809,7.8,0.10738255
6,X6,Landrace,PI516027,ARZM 16 026,-33.2,-68.9,1.01,0.31,0.04,0.03,2.02,8,6.3,6.6,0.13,14.87,1.55,0.23,0.35,0.01,0.01,12.41,65,100,22,13,1.12,19,23,11,23.53,18.17,2.82,1492,11,29,10,4,2,79,65,20,51,6,2,919,1728,104.1513901,74.91388702,46.57638931,134.1708374,31,36,32,16,9,9,11,8,15,19,22,28,280,267,243,199,155,123,113,134,164,216,250,275,165,153,134,91,56,25,11,20,44,93,126,155,222,210,189,145,105,74,62,77,104,155,188,215,1.253076077,1.053768992,0.766334593,0.570869267,0.443097919,0.344618142,0.347397,0.500592947,0.632016242,0.839648008,1.058388114,1.225997925,145,103,388,5688,275,11,264,214,84,220,66,236,36,8,49,103,27,90,31,1458,208,164,142,93,62,44,50,70,99,142,178,206,33.15526581,0,1.360424191,1.427722576,1.272967677,1.590203894,1.731929934,1.241751434,1.157343352,0.844522223,1.219154113,1.230884454,1.316804379,1.115283412,15.10000038,7.8,0.114285714
7,X7,Landrace,PI586747,CHZM 13 100,-33,-71,2.42,0.56,0.07,0.04,14.04,8,5.6,7.5,0.32,27.22,4.03,0.25,0.77,0,0,22.94,46,100,25,29,1.44,31,24,24,5.32,38.84,1.97,1424,27,28,26,15,9,72,49,26,46,6,5,1198,3266,113.1472244,79.98750305,51.03472137,146.4791718,0,0,2,12,52,80,111,59,23,10,8,1,258,250,231,184,132,103,94,107,131,174,211,244,125,120,98,58,22,-1,-12,-1,14,49,80,111,191,185,165,121,77,51,41,53,73,112,146,177,0.858742595,0.784385502,0.604453027,0.458269566,0.309199005,0.229484275,0.231042907,0.265358537,0.334304929,0.456330836,0.638585269,0.803355753,116,110,422,5370,250,-12,262,44,187,187,44,358,111,0,119,302,0,0,302,1298,183,150,133,91,58,40,46,62,84,121,152,178,45.45798492,0,2.329479171,1.884412424,1.8402483,1.247417068,0.857441088,0.672865052,0.715280184,0.771702401,0.919102421,0.864233438,1.299370768,1.383626581,14.30000019,8.1,0
8,X8,Landrace,PI586740,CHZM 13 089,-33,-70,0,0.52,0.12,0.03,1.04,6.7,4.4,4.8,0.16,4.73,1.53,0.19,0.37,0.11,8.43,17.36,52,85,30,18,1.13,34,37,17,19.09,14.3,2.84,1559,19,43,7,11,5,70,53,26,32,1,5,4493,7135,101.7194443,77.68333435,41.61527634,143.1541595,6,9,8,14,31,46,65,42,15,10,12,6,78,64,45,-9,-63,-93,-103,-91,-65,-11,27,64,-60,-68,-89,-130,-161,-181,-194,-188,-177,-137,-107,-74,9,-2,-22,-69,-112,-137,-148,-140,-121,-74,-40,-5,0.383886516,0.364900172,0.343633264,0.290921599,0.22836858,0.162406906,0.169907525,0.181947052,0.20312874,0.242346346,0.297571689,0.364057153,-72,106,411,5644,64,-194,258,-145,4,4,-145,264,65,6,84,176,18,18,176,576,91,74,65,40,23,13,14,21,32,46,69,88,36.61886978,33,1.360424191,1.427722576,1.272967677,1.590203894,1.731929934,1.241751434,1.157343352,0.844522223,1.219154113,1.230884454,1.316804379,1.115283412,5.199999809,6.3,0.065934066
9,X9,Landrace,PI516022,ARZM 16 021,-32.7,-69.4,1.01,0.52,0.12,0.04,1.04,6.7,4.4,4.8,0.16,4.73,1.53,0.19,0.37,0.11,8.43,17.36,52,85,30,18,1.13,19,37,17,23.53,18.17,2.84,1334,12,24,33,3,9,79,63,21,55,6,2,2686,2266,107.359726,81.9347229,45.36388779,145.9472198,25,28,17,8,8,12,21,12,6,7,16,17,201,186,167,118,66,32,21,37,67,124,162,193,72,61,42,0,-35,-61,-74,-69,-51,-4,29,61,136,124,105,59,16,-14,-26,-16,8,60,96,127,0.697736621,0.634488523,0.550923884,0.45141983,0.342985779,0.254623711,0.261336595,0.307807118,0.356848091,0.442699313,0.552397907,0.6654948,56,106,398,5831,193,-74,267,128,43,133,-22,177,28,6,47,81,20,67,54,1037,150,125,108,71,44,30,34,47,66,91,124,147,20.572258,0,1.360424191,1.427722576,1.272967677,1.590203894,1.731929934,1.241751434,1.157343352,0.844522223,1.219154113,1.230884454,1.316804379,1.115283412,5,6.3,0.076923077
10,X10,Landrace,PI492921,ARZM 14 049,-32.1,-64.6,0.88,0.96,0.1,0.03,0.4,6.3,5,5.5,0.02,9.55,2.21,0.1,0.42,0.1,0.06,10.88,49,83,42,9,1.11,39,32,14,30.01,13.61,1.66,1472,14,36,12,12,5,62,52,22,43,4,5,667,4507,111.5930557,75.8833313,57.90972137,130.6875,140,105,98,51,22,13,12,12,32,68,112,150,275,261,240,200,163,133,129,160,187,225,250,269,181,169,155,119,82,44,33,51,77,119,146,172,228,215,198,159,123,89,81,105,132,172,198,220,1.070533276,0.951422691,0.716566145,0.586479306,0.514836967,0.424053609,0.459768295,0.650841892,0.799312174,0.934554338,1.057069063,1.114446402,160,88,370,5066,269,33,236,225,97,225,83,815,150,12,73,430,36,430,37,1422,194,156,134,93,65,47,55,76,105,138,166,193,58.09329605,0,0.745421596,0.838924157,0.855382362,0.835200258,1.102810801,1.750584317,1.709196308,2.02235319,1.580852027,1.210852,0.676888353,0.792658306,14.19999981,6,0.157894737
11,X11,Landrace,PI467165,CHZM 05 015,-32,-71,2.26,1.07,0.12,0.03,2.83,6.9,6,6.7,0.12,15.87,3.16,0.15,0.54,0.06,0.05,20.51,45,92,26,29,1.37,36,30,16,6.65,35.71,1.91,1537,26,31,35,8,4,75,61,21,48,6,5,1104,2104,114.6513901,82.54444122,54.98194504,144.9736176,0,1,2,9,38,49,60,45,14,6,3,1,268,261,244,199,149,120,112,124,149,191,227,256,146,141,123,83,45,20,10,19,37,73,104,133,207,201,183,141,97,70,61,72,93,132,165,195,0.702379048,0.655771255,0.553108454,0.477764994,0.360807806,0.290508091,0.296531886,0.320941448,0.356408626,0.433059961,0.546920717,0.656497777,135,104,412,5279,261,10,251,64,203,203,64,228,60,0,112,169,1,2,169,1269,172,143,129,89,59,43,49,64,85,119,147,170,33.0750351,0,2.064346273,2.459349342,1.934290223,1.32902427,0.945134638,0.826446177,0.735733067,0.742253663,0.827487377,1.053258789,1.688561413,2.325872707,0.600000024,6.4,0
12,X12,Landrace,PI467139,CHZM 04 030,-31,-71,2.26,1.07,0.12,0.04,2.83,6.9,6,6.7,0.12,15.87,3.16,0.15,0.54,0.06,0.05,20.51,45,92,26,29,1.37,36,30,16,6.65,35.71,1.91,1525,33,26,46,6,5,77,66,23,51,6,5,1216,1500,116.961113,85.04721832,57.8069458,144.5652771,0,1,1,7,28,44,73,39,12,4,3,0,264,258,243,202,155,127,119,132,159,196,228,253,149,144,129,92,55,29,19,29,49,83,113,138,206,201,186,147,105,78,69,80,104,140,170,196,0.664377332,0.621580005,0.481563002,0.417270988,0.340966821,0.298326522,0.302795857,0.333948284,0.378347248,0.450751305,0.554331839,0.638980925,140,99,415,4941,258,19,239,72,203,203,72,212,73,0,127,190,0,2,190,1126,147,124,112,78,55,42,47,60,79,106,130,146,136.0031738,0,2.064346273,2.459349342,1.934290223,1.32902427,0.945134638,0.826446177,0.735733067,0.742253663,0.827487377,1.053258789,1.688561413,2.325872707,6.199999809,6.4,0
13,X13,Landrace,PI467130,CHZM 04 020,-30,-71,0,0.89,0.11,0.03,8.94,7.8,6.6,6.8,0.23,20.21,1.94,0.15,0.61,0,0,22.54,46,97,26,28,1.42,32,44,13,2.35,53.04,1.69,1547,30,24,25,11,10,74,66,23,53,6,4,278,756,118.3944473,86.125,61.03888702,141.8319397,0,0,1,2,8,17,22,12,5,2,0,0,319,315,303,268,226,200,192,208,233,265,292,312,205,202,187,153,118,94,83,96,118,147,173,196,262,258,245,210,172,147,137,152,175,206,233,254,0.603972614,0.581531763,0.445755213,0.380434364,0.335768402,0.319457531,0.321061701,0.338393509,0.383684099,0.444949776,0.533414125,0.589936316,204,104,448,4436,315,83,232,141,260,260,141,69,22,0,125,61,0,0,61,1123,140,119,108,76,58,47,53,65,83,108,126,140,14.70169163,0,2.509395787,2.695699335,1.958549481,1.370350027,0.942939087,0.821250397,0.851891317,0.712776195,0.865529663,1.004130402,1.890689364,3.034492286,0.600000024,8.3,0
14,X14,Landrace,PI467121,CHZM 04 011,-30,-70,0,1.56,0.12,0.03,0,5.1,4,6.1,0,1.84,0.98,0.09,0.23,0.6,2.58,9.76,51,44,29,21,1.34,23,30,11,17.03,28.75,1.21,1281,17,25,45,3,6,78,63,22,53,6,5,3888,1832,118.577774,88.40833282,55.33472061,146.8527832,2,1,2,6,7,19,36,16,4,2,1,0,164,154,138,91,34,2,-5,14,47,87,124,156,36,28,9,-30,-69,-92,-101,-89,-70,-38,-8,23,100,91,74,30,-17,-45,-53,-38,-12,25,58,90,0.370525718,0.354610652,0.331043452,0.309681535,0.275812,0.21508868,0.227820739,0.241662651,0.258427024,0.298740923,0.343984216,0.380339682,25,107,415,5452,156,-101,257,-50,79,97,-50,96,36,0,128,91,1,4,91,764,103,85,78,54,37,27,29,38,52,69,89,103,396.369751,33,1.305440348,1.320041621,1.349489385,1.778495829,2.059287938,1.440446123,1.377046217,1.240094923,1.642636761,1.895379221,1.736071106,1.366760407,0.600000024,5.1,0
15,X15,Landrace,PI492862,ARZM 13 190,-28.8,-67.3,1,0.25,0.12,0.04,7.95,7.7,5.6,7,0.34,5.03,1.13,0.16,0.33,0.05,2.81,7.05,48,98,31,21,1.14,41,26,9,16.92,21.43,1.66,1444,10,24,46,3,3,79,62,24,52,6,5,1778,1422,123.8222198,90.81111145,70.03888702,131.547226,40,36,17,6,4,2,3,2,3,5,11,22,225,216,203,175,145,122,116,143,165,200,216,227,149,140,130,94,49,8,-5,18,48,96,122,144,187,178,167,134,97,65,56,81,107,148,169,185,1.010918617,0.853828311,0.728324413,0.615531683,0.489667684,0.37765649,0.424725622,0.569630325,0.710988045,0.924163342,1.031888604,1.099317312,131,90,390,4620,227,-5,232,181,72,186,59,151,40,2,102,112,7,102,8,1532,198,164,143,100,73,55,63,85,115,153,181,202,25.54085922,0,0.527779956,0.638567212,0.683447103,1.230494714,1.614008859,2.002012807,1.868016733,1.737128293,1.602470362,2.037069315,0.948442704,0.687331755,15.60000038,7.8,0.023529412
16,X16,Landrace,PI492143,ARZM 07 038,-23.8,-61.5,1.07,1.79,0.14,0,0.35,6.3,5.9,6.2,0.28,8.63,3.48,0.32,0.6,0,0,21.68,33,84,44,23,1.24,20,19,12,25.63,14.3,3.15,1487,11,20,5,16,6,72,51,32,49,7,5,178,3617,109.3180542,80.30833435,68.22222137,123.1541672,108,109,109,68,38,13,8,10,22,50,88,114,332,318,307,271,237,219,226,258,282,313,323,330,242,234,224,194,161,141,132,153,171,208,220,237,287,276,265,233,199,180,179,206,227,261,271,283,1.280084729,1.150571227,0.929148078,0.658947945,0.557339728,0.493946612,0.644003928,0.883014083,1.190827608,1.42453742,1.37152791,1.338116765,239,84,424,3863,330,132,198,286,197,286,179,737,114,8,67,330,28,330,29,1772,207,170,159,118,95,74,88,122,149,177,197,216,1.26399231,0,1.358690094,1.084543765,1.072969588,0.900486341,0.797503201,1.0613058,1.442367206,1.245743186,0.973799202,0.923962574,0.972807909,1.388793617,10.19999981,5.9,0.081967213
17,X17,Landrace,PI478903,Brazil 759,-22.5,-55.7,2.25,1.26,0.13,0,0,5.3,4.8,5.1,0,4.68,1.59,0.09,0.26,0.09,0.1,10.21,13,35,25,62,1.22,39,29,22,0.96,50.95,1.15,1507,9,50,3,9,6,55,44,12,39,1,8,590,8913,106.0180588,87.51944733,73.5083313,117.6569443,175,148,155,127,136,86,47,71,107,168,185,176,279,275,274,260,228,216,216,243,257,274,280,281,207,203,197,177,142,128,121,134,149,179,189,203,243,239,236,218,185,172,169,188,203,226,235,242,0.719043791,0.682728946,0.667114496,0.629535556,0.512027085,0.435456723,0.588589907,0.738955081,0.775071442,0.85866344,0.835364699,0.76680994,213,82,513,2697,281,121,159,232,170,243,170,1581,185,47,33,538,180,526,180,1583,171,150,147,111,90,80,92,114,130,159,166,173,14.07347012,100,0.29270115,0.293023103,0.366819915,0.372204095,0.679722858,0.964233599,1.250775214,1.46248175,0.797502461,0.551522328,0.444558865,0.367248686,14.30000019,5.3,0.510869565
18,X18,Landrace,PI490810,Brazil 64,-22.2,-54.8,2.25,1.26,0.13,0.03,0,5.3,4.8,5.1,0,4.68,1.59,0.09,0.26,0.09,0.1,10.21,13,35,25,62,1.22,39,29,22,0.96,50.95,1.15,1438,11,62,2,12,8,56,48,12,26,1,12,420,8804,104.7319412,86.9861145,74.28333282,114.6388855,163,140,142,116,110,71,39,59,103,156,160,177,291,289,289,278,247,234,236,263,277,292,296,295,221,217,213,194,159,143,137,152,168,196,206,218,256,253,251,236,203,189,187,208,222,244,251,257,0.605666816,0.622873306,0.455152452,0.416163415,0.561963618,0.518095016,0.629692793,0.79550904,0.797932684,0.742902935,0.804530203,0.685934186,230,83,522,2572,296,137,158,255,187,256,187,1436,177,39,36,514,149,503,149,1623,176,154,142,110,94,87,98,116,138,163,170,175,4.707736492,100,0.269290024,0.291689524,0.33385672,0.394317972,0.690141041,0.863739885,0.925177614,1.295805544,0.887868472,0.488036201,0.382858102,0.289194311,13.30000019,5.3,0.397959184
20,X20,Landrace,PI471818,Bolivia 47,-17,-64,2.64,1.02,0.06,0.04,0.08,6.3,4.7,4.7,0.03,2.7,0.82,0.12,0.25,0.39,2.1,5.46,44,81,35,21,1.39,36,29,18,2.48,45.98,2,1500,10,35,0,14,10,59,50,21,45,4,4,261,12611,96.23055267,79.82221985,70.48332977,97.3180542,302,260,212,121,117,84,60,72,98,158,173,296,291,287,288,281,261,249,254,282,300,307,304,295,234,232,230,218,196,182,174,189,207,227,230,234,263,259,259,249,229,216,214,235,253,267,267,265,0.84962219,0.82386595,0.835310817,0.816887259,0.686874151,0.628011167,0.763690114,0.995478451,1.178314686,1.119279265,1.084476233,0.915382862,248,66,494,1874,307,174,133,263,215,267,215,1953,302,60,51,900,204,504,204,1654,163,141,138,128,107,91,104,129,150,167,169,167,13.71415806,100,0.740627042,0.923792991,0.724982236,0.675631775,0.656506089,0.772034424,0.868789309,0.842200529,0.948717878,0.735929376,0.609338566,0.659517777,15.60000038,6.3,0.558139535
22,X22,Landrace,PI571584,Apurimac 83,-13.7,-73.4,1.88,3.25,0.24,0.04,0.7,5.6,4.2,6.4,0.07,3.17,1.24,0.15,0.34,0.36,7.36,20.69,56,58,36,8,1.28,31,34,13,29.44,22.42,1.69,1459,18,27,22,8,5,61,52,33,40,7,4,3370,6100,116.2916641,100.6291656,96.43611145,112.6791687,150,162,143,51,15,7,8,18,38,59,62,109,147,145,144,146,147,139,136,141,146,157,160,153,85,86,85,72,50,34,28,39,53,64,72,79,116,116,115,109,98,87,82,90,99,110,116,116,0.420244694,0.435209125,0.406713337,0.50357908,0.534312785,0.562015951,0.576488912,0.567828476,0.571191132,0.588804066,0.619965076,0.534267962,105,79,600,1225,160,28,132,116,84,116,84,822,162,7,81,474,23,409,23,1431,133,116,120,110,103,91,97,112,121,145,144,139,23.6999073,0,0.358265857,0.456303219,0.384996775,0.372643215,0.53044388,0.864270146,0.817164659,0.835952942,0.543637106,0.556717601,0.4923256,0.364016478,0.600000024,4.2,0.076923077
23,X23,Landrace,PI571582,Apurimac 75,-13.6,-72.9,0,2.9,0.24,0.03,2.6,8,5,7,0.7,9.05,3.2,0.16,0.61,0,0,22.6,39,100,45,16,1.31,31,27,14,17.73,37.17,2.16,1357,21,25,29,44,15,61,54,24,50,6,5,3718,5824,113.7777786,99.58750153,94.18333435,110.4430542,106,114,110,36,10,4,6,9,21,41,55,84,123,121,121,122,123,116,112,116,120,129,132,127,65,65,64,53,32,15,8,20,35,46,53,60,94,93,92,87,77,65,60,68,78,88,93,94,0.471231192,0.467813313,0.456740767,0.542257369,0.575153768,0.597229958,0.609156013,0.627640069,0.632016242,0.653100669,0.675299168,0.586027205,82,74,596,1175,132,8,124,93,62,94,62,596,114,4,83,334,16,296,16,1334,123,106,111,102,96,86,91,106,114,136,134,129,8.82906723,0,0.358265857,0.456303219,0.384996775,0.372643215,0.53044388,0.864270146,0.817164659,0.835952942,0.543637106,0.556717601,0.4923256,0.364016478,0.600000024,7.3,0.046511628
24,X24,Landrace,PI572040,Ayacucho 71,-12.9,-74.3,12.7,2.9,0.24,0.04,2.6,8,5,6,0.7,9.05,3.2,0.16,0.61,0,0,22.6,39,100,45,16,1.31,36,38,14,7.1,60.94,2.16,1462,23,30,38,5,0,75,61,26,44,4,11,2325,3162,108.75,95.97360992,94.7472229,103.9499969,81,75,74,25,13,7,7,13,27,39,45,63,183,182,183,184,182,175,172,177,181,189,190,186,125,125,124,114,96,82,75,84,96,105,111,119,154,154,154,149,139,128,124,130,139,147,151,152,0.556265354,0.554759502,0.481050819,0.612822831,0.666585565,0.697357476,0.723974288,0.71486634,0.720392823,0.706713557,0.81175518,0.686168194,143,73,629,1054,190,75,116,154,125,154,125,469,81,7,69,231,21,231,21,1695,157,136,143,133,125,112,117,135,144,164,167,162,22.75362396,0,0.456569268,0.544915503,0.615825668,0.612947614,0.954608165,1.541569957,1.121294265,1.40378838,0.992131995,1.092246948,0.898275411,0.505641696,0.600000024,7.3,0.05982906
25,X25,Landrace,PI571793,Huancavelica 147,-12.8,-74.6,1.88,2.9,0.24,0.03,2.6,8,5,6.4,0.7,9.05,3.2,0.16,0.61,0,0,22.6,39,100,45,16,1.31,31,30,14,29.44,22.42,2.16,1470,18,29,24,17,9,61,52,30,41,4,4,3594,6354,108.75,95.97360992,94.7472229,103.9499969,133,127,126,46,22,9,12,20,42,61,67,101,119,118,120,120,118,112,110,114,118,124,125,121,60,60,60,48,30,16,11,20,33,41,45,52,89,89,90,84,74,64,60,67,75,83,85,87,0.476250857,0.482706338,0.417568684,0.532136381,0.582643211,0.617379785,0.637732983,0.616517067,0.621077001,0.610029161,0.686594605,0.580926239,79,74,646,1004,125,11,114,89,62,90,62,766,133,9,70,387,33,379,33,1325,119,103,110,102,97,88,94,108,115,130,131,128,20.72722626,0,0.456569268,0.544915503,0.615825668,0.612947614,0.954608165,1.541569957,1.121294265,1.40378838,0.992131995,1.092246948,0.898275411,0.505641696,0.600000024,7.3,0.102272727
26,X26,Landrace,PI571770,Huancavelica 41,-12.6,-74.9,9.39,2.9,0.24,0.04,2.6,8,5,5.8,0.7,9.05,3.2,0.16,0.61,0,0,22.6,39,100,45,16,1.31,33,39,14,3.11,54.78,2.16,1503,20,30,30,10,12,67,60,28,42,4,4,3817,6718,108.75,95.97360992,94.7472229,103.9499969,94,93,95,39,20,9,13,19,36,43,45,75,125,125,127,127,126,121,119,123,126,131,131,127,66,67,66,56,38,25,20,30,43,51,53,59,96,96,96,91,82,73,69,76,85,91,92,93,0.29273513,0.330457598,0.270923495,0.361287683,0.394132763,0.44068858,0.458052516,0.411250234,0.406097144,0.41212517,0.43032521,0.364322126,87,73,652,923,131,20,112,96,70,96,70,581,95,9,65,283,35,283,35,1225,109,95,102,95,90,82,88,100,107,119,120,118,284.9744263,0,0.456569268,0.544915503,0.615825668,0.612947614,0.954608165,1.541569957,1.121294265,1.40378838,0.992131995,1.092246948,0.898275411,0.505641696,0.600000024,7.3,0.109756098
27,X27,Landrace,PI571663,De Pollito,-12.6,-69.2,3.12,0.85,0.05,0.03,0,5.9,4.9,5.7,0,7.62,1.62,0.2,0.23,0.08,0.07,9.14,21,87,63,16,1.39,36,35,17,17.73,40.12,2.03,1488,5,31,4,12,2,52,43,22,46,6,6,193,12771,98.4236145,84.82499695,84.26944733,93.0708313,353,335,298,190,116,65,63,66,121,201,242,334,283,280,282,284,278,273,275,294,300,298,291,287,233,231,231,226,213,200,192,202,216,229,232,234,258,256,257,255,246,237,234,248,258,263,262,261,0.750201106,0.710795939,0.741404414,0.79904896,0.774713576,0.722322166,0.840310991,1.045368195,1.211184978,0.997973859,0.947119653,0.81214416,253,61,570,924,300,192,107,259,235,262,235,2384,353,63,54,1040,191,685,191,1750,161,144,152,134,125,114,119,144,162,169,168,158,7.188963413,40,0.233291012,0.225412924,0.293867238,0.302792607,0.352547041,0.444554369,0.535443176,0.512897886,0.409425937,0.315824374,0.26484392,0.280325066,13.30000019,5.8,0.458333333
28,X28,Landrace,PI571438,Huancavelica 156,-12,-75,9.39,2.23,0.17,0.03,0,4.6,4,4.9,0,1.35,0.43,0.1,0.22,0.85,3.29,11.28,53,27,31,16,1.3,33,23,9,3.11,54.78,1.82,1317,17,26,37,30,17,56,52,33,41,7,4,4349,8644,108.75,95.97360992,94.7472229,103.9499969,179,173,174,82,32,14,21,31,68,92,90,139,91,91,93,94,91,86,84,88,90,95,95,93,37,37,36,28,13,-1,-7,2,16,24,28,33,64,64,65,61,52,43,38,45,53,59,62,63,0.373776227,0.369568795,0.331662148,0.41594851,0.477377683,0.518668473,0.529551804,0.522125781,0.516860723,0.500481367,0.532220125,0.44912681,56,66,645,891,95,-7,102,64,40,65,40,1095,179,14,65,525,56,521,56,1055,94,80,87,82,78,72,77,87,92,102,102,102,9.302122116,0,0.456569268,0.544915503,0.615825668,0.612947614,0.954608165,1.541569957,1.121294265,1.40378838,0.992131995,1.092246948,0.898275411,0.505641696,0.600000024,4.6,0.194444444
29,X29,Landrace,PI571990,Loreto 21,-11,-74,2.94,2.17,0.23,0.03,0.55,5.6,4.7,5.6,0.05,7.33,2.71,0.1,0.3,0.08,0.07,17.82,35,62,39,26,1.32,32,37,16,2.35,53.04,0.87,1236,15,37,4,26,15,55,44,25,37,4,8,1846,11354,92.4458313,82.85416412,83.34999847,83.02361298,268,286,252,149,99,61,65,67,101,167,183,260,197,197,199,201,198,196,196,209,213,211,204,199,151,150,149,146,138,126,118,123,135,144,149,151,174,173,174,173,168,161,157,166,174,177,176,175,0.773149788,0.728599668,0.721198857,0.751867414,0.772327304,0.717172682,0.735714197,0.816524982,0.848944426,0.799957097,0.870939374,0.806764901,171,58,610,614,213,118,95,174,158,177,158,1958,286,61,50,840,191,533,191,1713,153,132,141,135,131,121,127,145,150,163,159,156,26.78733063,80,0.260630707,0.298154684,0.315996588,0.309495019,0.312878398,0.360027812,0.449141644,0.500625096,0.400069464,0.317242023,0.255835887,0.244995558,12.60000038,4.2,0.462068966
30,X30,Landrace,PI571833,Libertad 179,-8.1,-79,0,0.23,0.01,0.04,3.76,8.4,5.7,5.7,0.92,2.5,0.52,0.15,0.27,0.06,0.06,3.24,83,100,15,2,1.37,29,15,3,18.3,25.48,5.38,1507,18,34,19,12,13,77,64,20,46,6,5,50,32,111.7291641,115.4708328,86.0027771,122.9041672,11,13,20,7,2,1,1,1,2,5,3,5,266,269,270,268,265,263,261,261,260,258,257,262,225,233,234,224,213,205,198,196,199,200,201,212,245,251,252,246,239,234,229,228,229,229,229,237,0.560664773,0.588723779,0.541942179,0.485812396,0.458916336,0.411704451,0.395957321,0.402834326,0.395957321,0.407593459,0.465776742,0.502595723,238,48,646,866,270,196,75,252,231,252,229,71,20,1,96,53,3,53,3,1243,127,115,124,105,96,75,84,88,94,104,108,123,26.31913567,0,0.67158526,0.715939783,0.926534589,1.108304676,1.120060114,1.04142071,1.267043414,1.099000654,0.804857855,0.736671438,0.658141977,0.667620387,0.600000024,7.9,0.011363636
32,X32,Landrace,PI571691,San Martin 1,-7,-77,2.94,3.09,0.22,0.03,0,4.7,3.8,4.8,0,2.31,1.18,0.08,0.23,2.06,6.62,14.61,53,30,32,15,1.15,32,30,12,2.35,53.04,1.2,1403,11,43,8,20,8,53,43,23,34,1,8,1185,7215,92.45972443,82.45555878,84.81666565,86.94999695,100,121,182,166,109,77,65,70,101,146,134,95,248,242,242,246,247,244,246,257,263,262,255,252,182,181,180,178,172,159,150,152,164,173,178,181,215,212,211,212,210,202,198,204,213,218,217,217,0.846971333,0.862025023,0.695856869,0.665638387,0.663496912,0.658742964,0.712613165,0.834367216,0.822224855,0.781198025,0.810438216,0.851990759,211,74,655,604,263,150,113,212,202,217,199,1366,182,65,31,514,205,414,207,1677,151,134,145,132,129,119,127,140,143,153,149,155,0,80,0.494050171,0.440170232,0.531629173,0.616134944,0.803742636,0.660383956,0.706906493,0.619064671,0.455069474,0.392887612,0.354174768,0.441716882,12.10000038,4.7,0.5
33,X33,Landrace,PI571437,Cajamarca 138,-6.6,-78.7,1.88,1.32,0.09,0.04,0.8,6.3,5,6.4,0.03,12.03,4.22,0.1,0.47,0.06,0.05,19.17,39,86,28,33,1.26,35,38,21,29.44,22.42,2.12,1198,21,28,11,31,9,62,47,33,39,4,4,2955,7629,110.0833359,94.58472443,96.85972595,97.62916565,129,138,189,158,90,44,32,41,91,159,119,106,165,158,158,164,170,171,173,182,184,181,177,172,86,90,89,84,76,66,59,60,69,73,73,79,125,124,123,124,123,119,116,121,127,127,125,126,0.481164873,0.425413519,0.403810561,0.397163451,0.468903899,0.50831145,0.565907359,0.632381022,0.577874482,0.531498969,0.582819402,0.547240376,123,89,711,311,184,59,126,123,117,127,117,1296,189,32,45,516,108,409,108,1388,123,109,119,107,109,103,106,114,118,126,126,128,16.85462189,0,0.584615187,0.533484564,0.640596526,0.818697957,1.031442855,1.139851944,1.187584955,1.147828036,0.607856126,0.604097085,0.515139625,0.580373465,1.100000024,5.6,0.301886792
34,X34,Landrace,PI571695,San Martin 10,-6.5,-76.5,2.56,3.01,0.2,0.04,0.8,6.3,5.2,6.6,0.16,20.51,7.13,0.17,0.55,0.06,0.05,25.44,27,94,32,41,1.4,41,44,28,5.16,30.19,1.4,1478,9,43,4,19,5,57,49,22,35,1,5,381,6350,90.75694275,80.90694427,82.18611145,85.49583435,94,87,143,121,94,76,63,74,96,103,94,70,289,284,283,285,286,283,285,294,299,301,295,292,231,230,229,228,224,213,205,207,216,223,229,231,260,257,256,257,255,248,245,250,257,262,262,262,0.900175989,0.821765602,0.712346733,0.67338568,0.662116468,0.668901265,0.698755443,0.825271845,0.825909376,0.793909311,0.826613486,0.87695533,256,62,652,547,301,205,96,257,246,262,246,1115,143,63,23,385,202,291,202,1874,171,154,166,148,143,134,142,155,159,173,167,162,0,0,0.494050171,0.440170232,0.531629173,0.616134944,0.803742636,0.660383956,0.706906493,0.619064671,0.455069474,0.392887612,0.354174768,0.441716882,13,5.6,0.432098765
35,X35,Landrace,PI571720,San Martin 96,-6.4,-76.6,2.56,3.01,0.2,0.04,0.8,6.3,5.2,6.6,0.16,20.51,7.13,0.17,0.55,0.06,0.05,25.44,27,94,32,41,1.4,41,44,28,5.16,30.19,1.4,1479,9,38,3,18,4,54,46,22,41,4,5,330,7493,90.75694275,80.90694427,82.18611145,85.49583435,90,79,136,101,77,61,52,56,80,93,89,66,285,280,279,281,282,279,280,290,295,297,292,289,227,226,225,224,220,209,200,202,211,219,225,227,256,253,252,253,251,244,240,246,253,258,258,258,0.82063657,0.74877739,0.662747741,0.632859588,0.631576717,0.634105027,0.661347985,0.774713576,0.7696715,0.744838953,0.78636682,0.812470376,252,63,652,555,297,200,97,253,244,258,242,980,136,52,27,351,164,271,165,1827,167,149,163,144,140,130,138,151,155,168,162,160,0,80,0.494050171,0.440170232,0.531629173,0.616134944,0.803742636,0.660383956,0.706906493,0.619064671,0.455069474,0.392887612,0.354174768,0.441716882,12.39999962,5.6,0.370860927
36,X36,Landrace,PI515053,Loreto 9,-5.9,-76.1,3.12,2.73,0.17,0.04,0,4.8,4.1,4.7,0,2.13,0.65,0.09,0.21,0.28,1.64,14.57,45,39,42,13,1.25,37,31,11,17.73,40.12,1.34,1367,16,32,1,26,9,55,46,22,46,6,6,144,11866,92.20278168,79.55278015,84.65833282,80.2361145,216,190,272,207,178,117,96,98,143,185,226,187,284,281,280,282,282,278,280,288,291,294,290,286,237,236,235,235,231,223,215,217,223,229,235,237,260,258,258,258,257,250,248,252,257,261,262,261,0.84266901,0.765503883,0.672037303,0.644478381,0.630014956,0.631867707,0.651007652,0.773016751,0.784269035,0.761055708,0.785295904,0.822373152,257,51,652,443,294,215,79,258,251,262,249,2115,272,96,29,734,292,637,309,1768,160,143,152,139,132,123,131,152,158,164,155,159,0,90,0.494050171,0.440170232,0.531629173,0.616134944,0.803742636,0.660383956,0.706906493,0.619064671,0.455069474,0.392887612,0.354174768,0.441716882,9.5,4.8,0.644736842
37,X37,Landrace,PI471861,Costa Rica 228,10,-84,6.26,6.44,0.47,0.03,0,5.3,4.6,4.7,0,2.24,0.8,0.16,0.21,0.84,0.1,27.43,20,20,23,57,0.69,55,64,31,18.17,60.94,0.92,1056,41,35,7,39,15,57,49,34,31,4,4,1395,16829,81.39722443,100.8027802,86.4402771,93.22499847,122,74,68,104,249,291,255,292,366,395,282,195,200,207,216,217,208,203,200,200,200,196,195,196,156,156,157,162,166,165,163,162,160,161,161,160,178,181,186,190,187,184,181,181,180,179,178,178,0.362291962,0.368293434,0.402386159,0.397439271,0.34630394,0.3240031,0.293968201,0.305891097,0.29784143,0.300318152,0.335193843,0.335981667,182,39,629,385,217,156,62,179,185,189,178,2693,395,68,47,1156,210,276,672,1391,103,106,132,128,130,117,119,124,120,114,99,99,6.538906097,0,0.33736817,0.452505801,0.530688659,0.344796347,0.116530562,0.11316141,0.114468488,0.134557789,0.114282234,0.159792815,0.253283033,0.239792918,13.19999981,4.9,0.515151515
38,X38,Landrace,PI471860,Costa Rica 226,10,-84,6.26,6.44,0.47,0.03,0,5.3,4.6,4.7,0,2.24,0.8,0.16,0.21,0.84,0.1,27.43,20,20,23,57,0.69,55,64,31,17.73,54.78,0.92,1056,41,35,7,39,17,57,49,34,31,4,4,1395,16829,81.39722443,100.8027802,86.4402771,93.22499847,122,74,68,104,249,291,255,292,366,395,282,195,200,207,216,217,208,203,200,200,200,196,195,196,156,156,157,162,166,165,163,162,160,161,161,160,178,181,186,190,187,184,181,181,180,179,178,178,0.362291962,0.368293434,0.402386159,0.397439271,0.34630394,0.3240031,0.293968201,0.305891097,0.29784143,0.300318152,0.335193843,0.335981667,182,39,629,385,217,156,62,179,185,189,178,2693,395,68,47,1156,210,276,672,1391,103,106,132,128,130,117,119,124,120,114,99,99,6.538906097,0,0.33736817,0.452505801,0.530688659,0.344796347,0.116530562,0.11316141,0.114468488,0.134557789,0.114282234,0.159792815,0.253283033,0.239792918,13.19999981,4.9,0.515151515
39,X39,Landrace,PI471880,Costa Rica 260,10,-84,6.26,6.44,0.47,0.04,0,5.3,4.6,4.7,0,2.24,0.8,0.16,0.21,0.84,0.1,27.43,20,20,23,57,0.69,55,64,31,7.96,54.78,0.92,1056,41,35,7,39,17,57,49,34,31,4,4,1395,16829,81.39722443,100.8027802,86.4402771,93.22499847,122,74,68,104,249,291,255,292,366,395,282,195,200,207,216,217,208,203,200,200,200,196,195,196,156,156,157,162,166,165,163,162,160,161,161,160,178,181,186,190,187,184,181,181,180,179,178,178,0.362291962,0.368293434,0.402386159,0.397439271,0.34630394,0.3240031,0.293968201,0.305891097,0.29784143,0.300318152,0.335193843,0.335981667,182,39,629,385,217,156,62,179,185,189,178,2693,395,68,47,1156,210,276,672,1391,103,106,132,128,130,117,119,124,120,114,99,99,6.538906097,0,0.33736817,0.452505801,0.530688659,0.344796347,0.116530562,0.11316141,0.114468488,0.134557789,0.114282234,0.159792815,0.253283033,0.239792918,13.19999981,4.9,0.515151515
40,X40,Landrace,PI471843,Costa Rica 178,10,-84,6.26,6.44,0.47,0.04,0,5.3,4.6,4.7,0,2.24,0.8,0.16,0.21,0.84,0.1,27.43,20,20,23,57,0.69,55,64,31,13,54.78,0.92,1056,41,35,7,39,17,57,49,34,31,4,4,1395,16829,81.39722443,100.8027802,86.4402771,93.22499847,122,74,68,104,249,291,255,292,366,395,282,195,200,207,216,217,208,203,200,200,200,196,195,196,156,156,157,162,166,165,163,162,160,161,161,160,178,181,186,190,187,184,181,181,180,179,178,178,0.362291962,0.368293434,0.402386159,0.397439271,0.34630394,0.3240031,0.293968201,0.305891097,0.29784143,0.300318152,0.335193843,0.335981667,182,39,629,385,217,156,62,179,185,189,178,2693,395,68,47,1156,210,276,672,1391,103,106,132,128,130,117,119,124,120,114,99,99,6.538906097,0,0.33736817,0.452505801,0.530688659,0.344796347,0.116530562,0.11316141,0.114468488,0.134557789,0.114282234,0.159792815,0.253283033,0.239792918,13.19999981,4.9,0.515151515
41,X41,Landrace,PI471882,Costa Rica 263,10,-84,6.26,6.44,0.47,0.03,0,5.3,4.6,4.7,0,2.24,0.8,0.16,0.21,0.84,0.1,27.43,20,20,23,57,0.69,55,64,31,6.3,54.78,0.92,1056,41,35,7,39,9,57,49,34,31,4,4,1395,16829,81.39722443,100.8027802,86.4402771,93.22499847,122,74,68,104,249,291,255,292,366,395,282,195,200,207,216,217,208,203,200,200,200,196,195,196,156,156,157,162,166,165,163,162,160,161,161,160,178,181,186,190,187,184,181,181,180,179,178,178,0.362291962,0.368293434,0.402386159,0.397439271,0.34630394,0.3240031,0.293968201,0.305891097,0.29784143,0.300318152,0.335193843,0.335981667,182,39,629,385,217,156,62,179,185,189,178,2693,395,68,47,1156,210,276,672,1391,103,106,132,128,130,117,119,124,120,114,99,99,6.538906097,0,0.33736817,0.452505801,0.530688659,0.344796347,0.116530562,0.11316141,0.114468488,0.134557789,0.114282234,0.159792815,0.253283033,0.239792918,13.19999981,4.9,0.515151515
42,X42,Landrace,PI471835,Costa Rica 168,10,-84,6.26,6.44,0.47,0.03,0,5.3,4.6,4.7,0,2.24,0.8,0.16,0.21,0.84,0.1,27.43,20,20,23,57,0.69,55,64,31,8.07,70.42,0.92,1056,41,35,7,39,11,57,49,34,31,4,4,1395,16829,81.39722443,100.8027802,86.4402771,93.22499847,122,74,68,104,249,291,255,292,366,395,282,195,200,207,216,217,208,203,200,200,200,196,195,196,156,156,157,162,166,165,163,162,160,161,161,160,178,181,186,190,187,184,181,181,180,179,178,178,0.362291962,0.368293434,0.402386159,0.397439271,0.34630394,0.3240031,0.293968201,0.305891097,0.29784143,0.300318152,0.335193843,0.335981667,182,39,629,385,217,156,62,179,185,189,178,2693,395,68,47,1156,210,276,672,1391,103,106,132,128,130,117,119,124,120,114,99,99,6.538906097,0,0.33736817,0.452505801,0.530688659,0.344796347,0.116530562,0.11316141,0.114468488,0.134557789,0.114282234,0.159792815,0.253283033,0.239792918,13.19999981,4.9,0.515151515
43,X43,Landrace,PI471837,Costa Rica 170,10,-84,6.26,6.44,0.47,0.03,0,5.3,4.6,4.7,0,2.24,0.8,0.16,0.21,0.84,0.1,27.43,20,20,23,57,0.69,55,64,31,7.96,54.78,0.92,1056,41,35,7,39,12,57,49,34,31,4,4,1395,16829,81.39722443,100.8027802,86.4402771,93.22499847,122,74,68,104,249,291,255,292,366,395,282,195,200,207,216,217,208,203,200,200,200,196,195,196,156,156,157,162,166,165,163,162,160,161,161,160,178,181,186,190,187,184,181,181,180,179,178,178,0.362291962,0.368293434,0.402386159,0.397439271,0.34630394,0.3240031,0.293968201,0.305891097,0.29784143,0.300318152,0.335193843,0.335981667,182,39,629,385,217,156,62,179,185,189,178,2693,395,68,47,1156,210,276,672,1391,103,106,132,128,130,117,119,124,120,114,99,99,6.538906097,0,0.33736817,0.452505801,0.530688659,0.344796347,0.116530562,0.11316141,0.114468488,0.134557789,0.114282234,0.159792815,0.253283033,0.239792918,13.19999981,4.9,0.515151515
44,X44,Landrace,PI471883,Costa Rica 267,10,-84,6.26,6.44,0.47,0.04,0,5.3,4.6,4.7,0,2.24,0.8,0.16,0.21,0.84,0.1,27.43,20,20,23,57,0.69,55,64,31,17.73,54.78,0.92,1056,41,35,7,39,17,57,49,34,31,4,4,1395,16829,81.39722443,100.8027802,86.4402771,93.22499847,122,74,68,104,249,291,255,292,366,395,282,195,200,207,216,217,208,203,200,200,200,196,195,196,156,156,157,162,166,165,163,162,160,161,161,160,178,181,186,190,187,184,181,181,180,179,178,178,0.362291962,0.368293434,0.402386159,0.397439271,0.34630394,0.3240031,0.293968201,0.305891097,0.29784143,0.300318152,0.335193843,0.335981667,182,39,629,385,217,156,62,179,185,189,178,2693,395,68,47,1156,210,276,672,1391,103,106,132,128,130,117,119,124,120,114,99,99,6.538906097,0,0.33736817,0.452505801,0.530688659,0.344796347,0.116530562,0.11316141,0.114468488,0.134557789,0.114282234,0.159792815,0.253283033,0.239792918,13.19999981,4.9,0.515151515
45,X45,Landrace,PI471853,Costa Rica 218,10,-84,6.26,6.44,0.47,0.03,0,5.3,4.6,4.7,0,2.24,0.8,0.16,0.21,0.84,0.1,27.43,20,20,23,57,0.69,55,64,31,5.16,75.23,0.92,1056,41,35,7,39,9,57,49,34,31,4,4,1395,16829,81.39722443,100.8027802,86.4402771,93.22499847,122,74,68,104,249,291,255,292,366,395,282,195,200,207,216,217,208,203,200,200,200,196,195,196,156,156,157,162,166,165,163,162,160,161,161,160,178,181,186,190,187,184,181,181,180,179,178,178,0.362291962,0.368293434,0.402386159,0.397439271,0.34630394,0.3240031,0.293968201,0.305891097,0.29784143,0.300318152,0.335193843,0.335981667,182,39,629,385,217,156,62,179,185,189,178,2693,395,68,47,1156,210,276,672,1391,103,106,132,128,130,117,119,124,120,114,99,99,6.538906097,0,0.33736817,0.452505801,0.530688659,0.344796347,0.116530562,0.11316141,0.114468488,0.134557789,0.114282234,0.159792815,0.253283033,0.239792918,13.19999981,4.9,0.515151515
46,X46,Landrace,PI471857,Costa Rica 223,10,-84,6.26,6.44,0.47,0.03,0,5.3,4.6,4.7,0,2.24,0.8,0.16,0.21,0.84,0.1,27.43,20,20,23,57,0.69,55,64,31,5.16,60.94,0.92,1056,41,35,7,39,9,57,49,34,31,4,4,1395,16829,81.39722443,100.8027802,86.4402771,93.22499847,122,74,68,104,249,291,255,292,366,395,282,195,200,207,216,217,208,203,200,200,200,196,195,196,156,156,157,162,166,165,163,162,160,161,161,160,178,181,186,190,187,184,181,181,180,179,178,178,0.362291962,0.368293434,0.402386159,0.397439271,0.34630394,0.3240031,0.293968201,0.305891097,0.29784143,0.300318152,0.335193843,0.335981667,182,39,629,385,217,156,62,179,185,189,178,2693,395,68,47,1156,210,276,672,1391,103,106,132,128,130,117,119,124,120,114,99,99,6.538906097,0,0.33736817,0.452505801,0.530688659,0.344796347,0.116530562,0.11316141,0.114468488,0.134557789,0.114282234,0.159792815,0.253283033,0.239792918,13.19999981,4.9,0.515151515
47,X47,Landrace,PI471874,Costa Rica 244,10,-84,6.26,6.44,0.47,0.04,0,5.3,4.6,4.7,0,2.24,0.8,0.16,0.21,0.84,0.1,27.43,20,20,23,57,0.69,55,64,31,18.17,70.42,0.92,1056,41,35,7,39,9,57,49,34,31,4,4,1395,16829,81.39722443,100.8027802,86.4402771,93.22499847,122,74,68,104,249,291,255,292,366,395,282,195,200,207,216,217,208,203,200,200,200,196,195,196,156,156,157,162,166,165,163,162,160,161,161,160,178,181,186,190,187,184,181,181,180,179,178,178,0.362291962,0.368293434,0.402386159,0.397439271,0.34630394,0.3240031,0.293968201,0.305891097,0.29784143,0.300318152,0.335193843,0.335981667,182,39,629,385,217,156,62,179,185,189,178,2693,395,68,47,1156,210,276,672,1391,103,106,132,128,130,117,119,124,120,114,99,99,6.538906097,0,0.33736817,0.452505801,0.530688659,0.344796347,0.116530562,0.11316141,0.114468488,0.134557789,0.114282234,0.159792815,0.253283033,0.239792918,13.19999981,4.9,0.515151515
48,X48,Landrace,PI471851,Costa Rica 214,10,-84,6.26,6.44,0.47,0.03,0,5.3,4.6,4.7,0,2.24,0.8,0.16,0.21,0.84,0.1,27.43,20,20,23,57,0.69,55,64,31,5.16,75.23,0.92,1056,41,35,7,39,15,57,49,34,31,4,4,1395,16829,81.39722443,100.8027802,86.4402771,93.22499847,122,74,68,104,249,291,255,292,366,395,282,195,200,207,216,217,208,203,200,200,200,196,195,196,156,156,157,162,166,165,163,162,160,161,161,160,178,181,186,190,187,184,181,181,180,179,178,178,0.362291962,0.368293434,0.402386159,0.397439271,0.34630394,0.3240031,0.293968201,0.305891097,0.29784143,0.300318152,0.335193843,0.335981667,182,39,629,385,217,156,62,179,185,189,178,2693,395,68,47,1156,210,276,672,1391,103,106,132,128,130,117,119,124,120,114,99,99,6.538906097,0,0.33736817,0.452505801,0.530688659,0.344796347,0.116530562,0.11316141,0.114468488,0.134557789,0.114282234,0.159792815,0.253283033,0.239792918,13.19999981,4.9,0.515151515
49,X49,Landrace,PI629126,Zapaluta,15.3,-92.7,4.99,5.94,0.5,0.01,1.57,6.6,5.2,5.6,0.16,4.42,1.5,0.2,0.36,0.04,0.05,26.15,61,88,27,12,1.18,39,12,4,8.98,37.63,2.68,1523,14,36,6,15,2,60,50,27,36,4,5,33,15292,97.35416412,118.0625,109.3777771,100.9597244,8,9,20,61,240,395,352,393,469,276,66,11,304,313,320,325,316,303,309,307,298,301,303,303,231,236,243,255,258,256,255,255,252,249,241,235,267,274,282,290,287,279,282,281,275,275,272,269,1.04540956,1.101541519,1.1670506,1.070646286,0.967080891,0.754640877,0.817568362,0.781710088,0.68650949,0.752185225,0.819026887,0.892561913,278,55,585,674,325,231,94,277,272,288,268,2300,469,8,90,1331,26,541,27,2031,152,156,193,192,193,173,184,180,167,155,144,142,0,0,0.843182279,0.918236612,0.619833617,0.527944497,0.365408791,0.221457151,0.263349204,0.194274259,0.16322915,0.294627927,0.571332751,0.786039297,14.60000038,6,0.052631579
50,X50,Landrace,PI645728,Chiapas 11,15.4,-92.3,8.25,3.34,0.28,0.04,0,5.8,4.3,4.7,0,1.86,0.95,0.16,0.33,0.48,1.69,27.62,48,68,37,16,1.32,49,54,31,2.46,51.03,3.14,1424,24,41,15,36,17,57,47,26,34,1,4,2031,7702,97.35416412,118.0625,109.3777771,100.9597244,17,20,27,76,253,536,407,475,559,268,75,23,182,193,203,208,200,185,190,189,181,183,182,179,92,97,105,117,126,128,122,124,125,119,106,96,137,145,154,163,163,156,156,156,153,151,144,138,0.472205997,0.476322085,0.572356999,0.601882815,0.465083271,0.385449171,0.381455481,0.348642141,0.315926403,0.352631569,0.346195906,0.298408091,151,69,596,826,208,92,116,154,142,163,137,2736,559,17,91,1593,57,582,57,1554,113,116,148,152,152,134,139,142,125,118,108,107,161.8847504,30,0.843182279,0.918236612,0.619833617,0.527944497,0.365408791,0.221457151,0.263349204,0.194274259,0.16322915,0.294627927,0.571332751,0.786039297,16.5,6.4,0.150442478
51,X51,Landrace,PI629130,Cuarenteno,15.7,-92.1,5.23,5.14,0.43,0.03,3.75,6.9,5.6,6.6,0.19,10.36,3.19,0.24,0.51,0.02,0.02,27.09,58,94,25,17,1.11,38,25,15,7.07,35.18,2.2,1479,27,45,11,29,4,64,52,23,32,1,5,726,9134,97.35416412,118.0625,109.3777771,100.9597244,20,20,14,31,111,269,211,244,313,186,59,31,266,280,295,303,292,273,278,278,269,268,265,262,169,175,184,199,207,208,203,204,205,198,183,174,218,228,239,251,250,240,241,241,237,233,224,218,0.686547995,0.794974625,0.914344609,0.794914424,0.75451225,0.574514449,0.603301346,0.531265318,0.477475345,0.480560303,0.516873956,0.566130877,235,77,576,1061,303,169,134,238,235,250,218,1509,313,14,85,870,48,253,71,1871,135,139,185,191,193,167,167,167,145,135,123,124,33.32327271,0,0.843182279,0.918236612,0.619833617,0.527944497,0.365408791,0.221457151,0.263349204,0.194274259,0.16322915,0.294627927,0.571332751,0.786039297,17.60000038,7.7,0.075675676
52,X52,Landrace,Ames19970,"Maiz Blanco, Maizon",16.1,-97.2,2.19,6.97,0.59,0.04,1.76,6.8,5.1,5.7,0.18,6.99,1.93,0.24,0.41,0.04,0.05,26.91,54,94,28,18,1.11,35,26,13,7.71,28.75,2.86,1504,9,43,24,13,5,55,48,22,35,1,4,940,7843,102.8125,124.6652756,112.5999985,103.7847214,4,7,5,14,68,238,195,258,247,90,12,3,270,279,287,294,290,273,275,274,266,271,273,270,184,190,196,208,217,218,216,215,213,208,199,189,227,234,242,251,254,245,245,245,240,240,236,229,0.923587501,0.976137698,1.046932578,1.084854245,1.089709997,0.849424481,0.871911645,0.876437783,0.758933604,0.851822138,0.883085668,0.876675844,241,65,591,774,294,184,110,241,228,253,228,1141,258,3,108,752,11,150,11,1873,137,143,179,184,184,162,165,167,146,145,130,131,23.77994728,0,0.935133685,0.695231361,0.829503059,0.676085102,0.39131967,0.151810754,0.1596701,0.129245656,0.155569514,0.353711851,0.544039368,0.780431905,15.30000019,7.7,0.022900763
53,X53,Landrace,PI576258,Chiapas 775,16.2,-93.3,8.4,1.12,0.1,0.03,0,6,5.6,5.7,0,6.18,1.11,0.14,0.26,0.08,0.09,13.15,59,87,30,11,1.46,37,24,11,3.91,36.16,1.98,1498,14,47,13,26,5,63,54,18,35,1,5,606,6209,90.27639008,113.6069412,107.7666626,86.28888702,3,4,7,18,104,255,269,261,270,95,21,5,270,283,299,310,301,282,291,288,275,275,273,268,176,182,193,210,219,218,215,216,215,207,193,181,223,232,246,260,260,250,253,252,245,241,233,225,0.673901558,0.770693064,0.889705718,1.007513165,0.971494198,0.739546001,0.725328267,0.7063241,0.671113551,0.685677469,0.671680272,0.643023312,243,75,558,1216,310,176,134,247,229,260,223,1312,270,3,104,801,11,226,11,1868,135,142,179,189,191,164,166,166,147,138,126,125,46.18267059,50,0.901855286,0.95461345,0.772914411,0.575553927,0.353684175,0.179083476,0.17354189,0.12248692,0.14217456,0.30404972,0.715837968,0.917954295,14,6,0.022222222
54,X54,Landrace,PI629237,Zapalote Chico,16.3,-95.2,2.12,1.29,0.11,0.04,3.34,7,6.2,6.6,3.85,13.17,3.69,0.35,0.96,0.07,0.06,19.48,44,96,27,29,1.29,39,36,18,20.17,26.53,5.38,1530,20,34,9,24,7,74,58,25,41,4,2,26,5057,92.91666412,117.0611115,103.1750031,95.2416687,5,4,2,4,50,212,134,175,230,57,17,5,280,293,309,324,327,307,306,304,297,296,289,280,206,211,223,242,256,254,252,252,250,242,228,213,243,252,266,283,291,280,279,278,273,269,258,247,1.23083508,1.221686602,1.190783858,1.314922571,1.422198653,1.042245746,1.222390175,1.209259272,0.996914625,1.215525031,1.322339296,1.263702512,268,59,489,1473,327,206,121,275,261,288,244,895,230,2,113,635,8,104,15,1754,121,126,158,167,176,159,166,168,145,135,118,115,1.13600111,0,1.014496808,0.837075016,0.764315994,0.564944864,0.320476299,0.139571501,0.095531454,0.106585799,0.139921406,0.325896907,0.721719051,0.842905932,17.60000038,6.4,0.012658228
55,X55,Landrace,PI620842,Oaxaca 49,16.4,-94.5,2.07,1.29,0.11,0.04,3.34,7,6.2,6.6,3.85,13.17,3.69,0.32,0.96,0.07,0.06,19.48,44,96,27,29,1.29,39,36,18,13,26.96,3.83,1554,20,37,12,22,2,66,53,23,41,4,2,17,6685,92.82221985,115.9069443,107.6430588,87.81944275,7,7,6,16,100,271,194,231,321,93,31,10,279,292,309,325,326,306,308,305,296,295,288,280,203,208,221,240,253,252,249,249,248,240,225,211,241,250,265,282,289,279,278,277,272,267,257,245,1.073369145,1.099588037,1.14116776,1.268412113,1.313676238,0.961741328,1.06302774,1.061966658,0.933660328,1.0908885,1.145743847,1.098845959,267,61,500,1492,326,203,122,274,260,287,243,1287,321,6,104,873,19,216,24,1807,130,134,170,178,183,157,163,163,144,138,125,122,0,0,0.901855286,0.95461345,0.772914411,0.575553927,0.353684175,0.179083476,0.17354189,0.12248692,0.14217456,0.30404972,0.715837968,0.917954295,13.89999962,6.4,0.035294118
56,X56,Landrace,PI583890,Chimbo,16.6,-92.8,2.82,5.14,0.43,0.03,3.75,6.9,5.6,6.6,0.19,10.36,3.19,0.24,0.51,0.02,0.02,27.09,58,94,25,17,1.11,35,25,15,9.59,31.68,2.2,1518,24,40,16,24,4,66,55,24,36,4,5,606,6031,92.89583588,117.2680588,111.1444473,91.35832977,8,7,11,29,95,247,170,197,209,84,26,10,260,275,297,311,305,286,293,291,277,273,267,259,166,172,183,202,213,214,210,211,211,201,185,172,213,224,240,257,259,250,252,251,244,237,226,216,0.587635815,0.704656005,0.837418437,0.925620914,0.873103499,0.683484375,0.631691158,0.631085515,0.610219121,0.603559434,0.595008194,0.583046734,239,80,550,1531,311,166,145,246,220,258,214,1093,247,7,95,615,22,219,26,1842,128,136,175,184,185,168,166,169,149,138,122,122,24.41614532,0,0.843182279,0.918236612,0.619833617,0.527944497,0.365408791,0.221457151,0.263349204,0.194274259,0.16322915,0.294627927,0.571332751,0.786039297,15.39999962,7.7,0.051470588
57,X57,Landrace,PI628470,Oaxaca 55,16.6,-94.6,2.07,5.94,0.5,0.01,1.57,6.6,5.2,5.6,0.16,4.42,1.5,0.2,0.36,0.04,0.05,26.15,61,88,27,12,1.18,32,12,4,13,26.96,2.68,1546,15,40,18,22,3,65,54,22,38,4,2,168,5873,92.82221985,115.9069443,107.6430588,87.81944275,23,17,12,20,78,230,174,197,279,100,51,30,270,284,303,320,322,301,300,297,289,287,280,270,190,194,207,227,242,242,238,238,238,229,213,198,230,239,255,274,282,271,269,268,263,258,247,234,1.015042543,1.062530875,1.129319549,1.270151496,1.322998405,0.982516289,1.058545709,1.064020395,0.935257733,1.063908219,1.097078085,1.050948501,258,65,497,1608,322,190,132,265,250,279,231,1211,279,12,90,755,41,176,76,1706,118,125,160,169,177,153,155,156,138,129,115,111,13.9750309,0,0.901855286,0.95461345,0.772914411,0.575553927,0.353684175,0.179083476,0.17354189,0.12248692,0.14217456,0.30404972,0.715837968,0.917954295,11.39999962,6,0.075
58,X58,Landrace,PI645958,Oaxaca 446,16.8,-96.7,2.36,4.25,0.36,0.03,0.81,6.5,5.4,6.1,0.11,11.66,3.79,0.18,0.43,0.04,0.03,21.65,47,87,32,21,1.23,36,27,16,6.3,28.48,1.99,1503,22,37,6,23,5,76,57,24,40,4,5,1490,3752,98.21250153,119.5416641,106.288887,100.9597244,2,5,12,31,65,117,85,90,90,32,9,3,229,246,265,277,269,245,241,240,234,236,232,226,112,120,131,149,161,166,160,160,161,150,132,118,171,183,198,213,215,205,201,200,198,193,182,172,0.904402494,1.060935974,1.198271036,1.292730331,1.198093534,0.927645385,0.882561564,0.893504083,0.776416957,0.833457172,0.858936787,0.878731668,194,92,556,1402,277,112,165,208,171,215,171,541,117,2,89,299,7,161,7,1796,125,133,173,183,186,160,159,160,139,136,122,120,8.424389839,0,0.935133685,0.695231361,0.829503059,0.676085102,0.39131967,0.151810754,0.1596701,0.129245656,0.155569514,0.353711851,0.544039368,0.780431905,15.19999981,6.4,0.016
59,X59,Landrace,PI645950,Oaxaca 316,17.3,-97.8,2.81,6.97,0.59,0.03,1.76,6.8,5.1,5.7,0.18,6.99,1.93,0.24,0.41,0.04,0.05,26.91,54,94,28,18,1.11,35,26,13,7.96,32.5,2.86,1474,24,40,43,27,5,63,51,25,35,4,5,1948,5932,100.9305573,121.4819412,112.2069473,98.4888916,11,10,10,27,80,164,144,143,160,63,19,6,209,226,244,254,245,220,219,219,210,213,210,205,81,90,100,116,129,135,128,129,131,119,101,87,145,158,172,185,187,177,174,174,170,166,156,146,0.634776175,0.731526136,0.874082804,0.904418707,0.794150829,0.626410902,0.545957565,0.549424112,0.499884456,0.570467889,0.587271214,0.607593775,168,100,578,1319,254,81,173,171,145,186,145,837,164,6,90,463,28,187,28,1775,126,131,169,175,178,167,157,156,137,137,123,119,28.91407967,0,0.707821173,0.614727478,0.611781196,0.637376898,0.322007729,0.16282683,0.184805282,0.159509228,0.196010694,0.438701368,0.465592402,0.654866694,16.20000076,7.7,0.050420168
60,X60,Landrace,Ames19908,9977-OAX-569,17.4,-97.3,2.81,5.22,0.44,0.01,1.24,6.5,5.3,5.9,0.14,7.65,2.52,0.19,0.39,0.04,0.04,24.21,55,88,29,16,1.2,35,20,10,7.96,32.5,2.3,1504,28,39,23,29,7,61,50,19,41,4,5,2308,4268,100.9305573,121.4819412,112.2069473,98.4888916,6,8,13,32,86,175,132,129,139,47,18,7,188,206,226,239,232,209,205,206,198,198,192,185,69,77,88,106,119,126,119,120,122,110,90,75,129,141,157,172,176,168,162,163,160,154,141,130,0.705006897,0.829380274,0.961492121,1.00945282,0.870652616,0.676775932,0.616152048,0.616152048,0.569635749,0.621073186,0.647351205,0.667032301,154,95,562,1506,239,69,170,164,129,174,129,792,175,6,91,439,19,204,19,1633,114,122,158,167,167,148,143,143,126,125,112,108,37.84732056,0,0.707821173,0.614727478,0.611781196,0.637376898,0.322007729,0.16282683,0.184805282,0.159509228,0.196010694,0.438701368,0.465592402,0.654866694,16.20000076,6,0.052631579
61,X61,Landrace,Ames19926,Maiz Sapo,18.3,-100.4,2.94,0.58,0.04,0,0,5.8,5.6,5.6,0,2.63,0.63,0.1,0.2,0.06,0.09,14.25,68,80,28,4,1.5,37,12,4,13.24,33.86,1.81,1542,25,35,33,19,7,70,64,19,46,3,5,443,5488,102.1583328,128.4833374,118.1263885,99.19999695,12,2,1,3,25,181,220,213,197,77,10,3,316,333,352,368,362,318,311,307,299,309,314,313,185,195,204,222,238,236,229,229,227,222,207,190,251,264,278,295,300,277,270,268,263,266,261,251,0.893198848,1.013479352,1.225612998,1.383907437,1.381791472,1.001717687,0.817458987,0.785295904,0.694079459,0.78676784,0.863763511,0.831620753,270,99,543,1453,368,185,182,269,273,298,251,944,220,1,115,646,4,53,27,2008,142,152,200,214,220,184,171,165,146,144,137,133,98.78410339,0,0.647117704,0.769523331,1.168469918,0.907439621,0.675443538,0.227958878,0.113194285,0.100081574,0.158364685,0.269474332,0.491452024,0.694229375,17.39999962,6,0.005
62,X62,Landrace,PI620815,Guerrero 337,18.3,-99.4,2.81,10.6,0.9,0.01,9.41,7.9,6.3,7.4,0.22,11.53,2.64,0.26,0.62,0,0,28.87,53,100,33,14,1.22,42,28,13,7.96,32.5,2.63,1509,27,46,46,19,4,71,55,22,32,1,5,885,4933,100.1069412,125.6374969,115.8777771,98.02361298,10,3,5,14,68,203,184,188,186,73,11,4,275,292,312,326,319,284,284,282,271,277,278,274,145,155,166,184,197,194,190,191,189,181,164,149,210,223,239,255,258,239,237,236,230,229,221,212,0.748296976,0.91308111,1.127438903,1.245599985,1.132232904,0.774074495,0.656468809,0.639534831,0.551122785,0.654135883,0.710083961,0.703622341,232,103,570,1432,326,145,181,238,234,257,211,949,203,3,103,571,13,150,24,2045,143,153,198,213,215,183,181,178,155,153,139,134,48.01654053,0,0.787456075,0.690601774,0.920829566,0.67365536,0.461035579,0.170725428,0.156870402,0.131847977,0.197768601,0.378407717,0.517829677,0.814807709,17.5,8,0.019607843
63,X63,Landrace,PI645772,Guerrero 3,18.4,-99.6,5.23,1.69,0.14,0.03,0.1,6.1,5.5,5.8,0.03,8.11,2.5,0.13,0.32,0.06,0.06,17,55,82,31,13,1.4,38,23,12,7.07,35.18,1.29,1473,26,44,43,22,7,68,59,21,35,1,5,1131,6369,100.1069412,125.6374969,115.8777771,98.02361298,11,4,6,14,71,239,225,232,217,83,14,6,262,279,299,313,307,271,270,268,257,264,264,261,131,141,152,170,184,182,177,178,176,168,150,135,196,210,226,242,245,227,224,223,217,216,207,198,0.764939725,0.946788907,1.174191356,1.290015936,1.134079933,0.764708817,0.638478816,0.615351558,0.540629148,0.639402986,0.712403953,0.717954338,219,103,565,1456,313,131,183,225,220,244,197,1122,239,4,105,689,16,156,28,1931,132,143,188,203,208,176,171,167,147,144,128,124,112.8501968,0,0.787456075,0.690601774,0.920829566,0.67365536,0.461035579,0.170725428,0.156870402,0.131847977,0.197768601,0.378407717,0.517829677,0.814807709,17.5,6,0.027972028
64,X64,Landrace,PI620801,Guerrero 114,18.4,-102.5,4.71,1.86,0.16,0.04,0.5,6.3,5.5,5.7,0.03,7.09,1.63,0.13,0.35,0.06,0.07,17.66,52,88,29,18,1.38,31,26,14,8.7,37.17,1,1530,14,43,31,23,6,58,48,23,35,1,5,1460,7540,94.42778015,126.9513855,105.7375031,95.875,23,3,6,4,26,178,250,267,263,117,26,9,215,221,228,238,244,231,226,224,220,224,223,217,126,128,131,142,162,177,174,174,173,167,151,134,170,175,179,190,203,204,200,199,197,196,187,175,0.90852356,0.994192302,1.135906339,1.272521138,1.229220867,0.84828639,0.689576268,0.657328844,0.583206177,0.718365252,0.853889465,0.829511523,190,65,553,1149,244,126,118,197,187,204,172,1172,267,3,109,793,14,382,55,1598,113,119,158,170,173,141,137,133,118,118,111,107,30.59556198,0,0.697398046,0.841225444,1.441286629,1.99492481,1.131752683,0.428406951,0.219757823,0.229969164,0.275454083,0.323878849,0.437603354,0.585205084,13.60000038,6.4,0.023529412
65,X65,Landrace,Ames19924,BENZ 716,18.4,-100.1,5.23,1.69,0.14,0.04,0.1,6.1,5.5,5.8,0.03,8.11,2.5,0.13,0.32,0.06,0.06,17,55,82,31,13,1.4,38,23,12,7.07,35.18,1.29,1484,21,46,42,25,7,62,50,21,33,1,5,1150,6388,102.1583328,128.4833374,118.1263885,99.19999695,15,4,3,8,56,273,250,242,222,89,15,5,260,277,297,312,306,267,262,258,251,258,261,258,128,138,148,165,182,181,175,175,174,167,149,132,194,207,222,239,244,224,219,217,212,213,205,195,0.78013736,0.924173951,1.14292562,1.277915239,1.169273973,0.793385446,0.643698752,0.6235829,0.550583065,0.646644294,0.721548557,0.721218884,216,102,553,1456,312,128,184,220,217,242,194,1182,273,3,110,773,10,120,35,1847,127,137,182,198,206,171,160,156,139,133,120,118,29.13036537,0,0.787456075,0.690601774,0.920829566,0.67365536,0.461035579,0.170725428,0.156870402,0.131847977,0.197768601,0.378407717,0.517829677,0.814807709,17.39999962,6,0.016483516
66,X66,Landrace,PI646073,Veracruz 389,19.1,-97,13.04,3.81,0.32,0.03,4.13,6.3,5.1,5.7,0.08,8.21,1.78,0.11,0.47,0.44,1.65,23.47,39,76,27,33,1.19,36,37,23,1.82,70.42,0.92,1393,23,39,16,25,8,56,45,24,37,4,11,1465,14222,83.4458313,99.93611145,101.523613,72.73194122,38,37,37,55,99,267,259,229,284,132,61,44,196,211,233,250,255,244,238,239,232,225,211,198,103,109,124,144,160,169,164,166,166,151,129,111,149,160,178,197,208,207,201,202,199,188,170,154,0.388404489,0.460043907,0.593909025,0.733096778,0.689453602,0.533337593,0.474515408,0.506005526,0.434545815,0.407718211,0.394438535,0.392291427,184,78,514,2048,255,103,153,200,172,207,151,1542,284,37,76,797,111,633,120,1409,88,95,126,143,151,135,137,137,118,106,89,84,20.27538109,0,0.373901914,0.342085155,0.375299566,0.4550619,0.256917409,0.16699187,0.182399289,0.170054221,0.211146253,0.26875282,0.316316398,0.312839361,14.60000038,4.7,0.293650794
67,X67,Landrace,Ames19876,Maiz de Ocho,19.6,-104.1,4.71,1.94,0.16,0.04,0.16,6.1,5.2,6,0.03,9.7,3.24,0.2,0.45,0.04,0.03,15.24,55,89,28,17,1.39,33,25,14,8.7,37.17,1.28,1480,21,40,39,28,12,56,45,21,39,4,5,2114,8121,99.15139008,132.340271,113.7652817,94.73055267,34,11,6,3,14,129,300,288,269,128,40,25,193,206,221,236,244,222,208,206,202,207,205,194,59,63,69,85,110,136,133,133,134,120,91,68,126,135,145,161,177,179,171,169,168,164,148,131,0.752698541,0.852343619,1.012869716,1.216966748,1.198475599,0.805578768,0.572844088,0.546805739,0.513513327,0.621713936,0.723095179,0.709076047,156,101,544,1774,244,59,185,170,156,179,128,1247,300,3,108,876,12,272,93,1421,96,101,137,153,162,132,123,121,107,105,95,89,61.79078674,0,1.344214789,1.403437129,2.403111123,3.098043029,1.638143601,0.687294864,0.252865285,0.194819519,0.154374195,0.268653818,0.569225098,0.632964081,11.60000038,6,0.019607843
68,X68,Landrace,PI645863,Mexico 37,19.7,-99.2,1.79,1.69,0.14,0.03,0.1,6.1,5.5,5.8,0.03,8.11,2.5,0.13,0.32,0.06,0.06,17,55,82,31,13,1.4,13,23,12,22.51,22.42,1.29,1470,26,38,8,23,9,80,63,28,33,4,4,2259,3986,92.21666718,117.640274,106.836113,90.09583282,10,7,15,28,58,123,139,125,109,51,12,7,192,211,235,247,246,229,216,216,207,205,198,191,64,76,93,114,127,134,126,128,127,108,84,68,128,143,164,180,186,181,171,172,167,157,141,129,0.625393927,0.777534783,0.982579589,1.04848206,0.916316628,0.716491699,0.571305633,0.55727303,0.516172886,0.559634984,0.588532925,0.581193805,160,101,554,1931,247,64,183,175,138,184,129,684,139,7,88,401,24,144,27,1603,103,114,154,165,173,152,148,147,125,120,104,98,0,0,0.56284827,0.642182642,0.63369848,0.538203275,0.414286405,0.218183728,0.224047704,0.183633159,0.252924334,0.313619578,0.512264422,0.570296673,18.60000038,6,0.061403509
69,X69,Landrace,PI478963,Campeche 11,19.8,-89.9,2.8,8.73,0.75,0.03,11.59,7.6,6.2,7.4,0.22,16.08,2.45,0.2,0.61,0,0,32.37,49,100,27,24,1.14,41,32,16,5.33,42.56,1,1529,23,41,8,31,3,70,55,16,43,1,5,55,5624,94.22777557,117.6791687,112.1222229,85.03610992,29,21,23,34,88,160,141,162,206,117,45,29,268,284,304,326,336,320,323,322,308,295,282,270,193,199,209,227,243,245,240,240,239,230,212,199,231,242,257,277,289,283,281,281,274,262,247,235,0.627884269,0.756003439,1.004856348,1.190595388,1.196408749,1.003835559,0.898032665,0.834155679,0.751770198,0.711671829,0.616862714,0.587567091,263,74,518,1972,336,193,143,276,252,285,232,1055,206,21,72,574,67,210,87,1906,119,128,176,196,206,185,188,184,157,137,118,112,1.274596572,0,0.588402678,0.818160127,0.697888985,0.85829382,0.743991569,0.502973304,0.70691394,0.516435867,0.35936162,0.279164142,0.388568363,0.605493152,11.80000019,7.5,0.130681818
70,X70,Landrace,PI479098,Yucatan 126,20.1,-88.9,3.08,7.6,0.66,0.04,16.88,7.5,6.4,7.4,0.18,21.62,1.4,0.1,0.57,0,0,34.5,42,100,24,34,1.2,39,33,16,5.68,45.2,2.47,1417,32,39,13,25,6,74,52,20,41,4,5,40,6193,91.68055725,114.9402771,107.288887,82.73055267,36,31,34,46,101,152,153,169,192,121,57,42,266,281,300,320,329,314,315,315,303,291,278,267,189,195,203,220,236,240,235,235,235,225,207,195,228,238,251,270,283,277,275,275,269,258,243,231,0.691037893,0.830375612,1.041909337,1.2178123,1.232030749,1.001895785,0.8816064,0.841670811,0.74447161,0.70917052,0.658261478,0.636610866,258,74,529,1866,329,189,140,271,234,279,229,1134,192,31,61,553,98,405,114,1868,117,127,170,187,203,181,184,181,153,138,117,110,4.823744297,0,0.512841011,0.696284555,0.558904212,0.819499183,0.608725278,0.36383191,0.440129567,0.38084621,0.266161932,0.208534431,0.349286469,0.461097581,14,7.5,0.2
71,X71,Landrace,PI628480,Puebla 27,20.1,-97.2,2.76,6.02,0.52,0.03,8.21,7.9,6.6,7.1,0.24,20.15,5.26,0.25,0.67,0,0,23.73,44,100,31,24,1.34,45,34,20,2.89,47.27,1.46,1469,23,38,16,16,5,63,49,25,38,4,5,177,9505,81.8013916,101.0958328,104.0805588,67.6166687,83,78,80,98,119,220,234,221,353,244,168,119,246,259,280,299,310,306,301,301,293,283,266,250,173,181,199,221,239,246,242,243,240,224,201,180,209,220,239,260,275,276,271,272,266,253,233,215,0.37174499,0.421233684,0.514792144,0.640186667,0.721843839,0.65078491,0.647686243,0.670527935,0.567633927,0.55631882,0.467503756,0.394920707,249,61,443,2365,310,173,137,268,233,275,211,2017,353,78,49,927,238,559,285,1639,90,97,132,156,180,173,172,174,148,129,100,88,29.79139137,0,0.373901914,0.342085155,0.375299566,0.4550619,0.256917409,0.16699187,0.182399289,0.170054221,0.211146253,0.26875282,0.316316398,0.312839361,15.39999962,8,0.606060606
72,X72,Landrace,PI645786,Guanajuato 36,20.2,-100.9,9.14,2.77,0.24,0.04,1.85,6.8,5.6,6.5,0.15,20.12,6.35,0.22,0.59,0.03,0.01,23.25,36,92,32,31,1.2,45,42,27,9.92,49.72,0.97,1512,37,43,19,16,6,73,59,20,36,1,11,1859,4418,97.77916718,124.2541656,116.4513855,91.40139008,13,6,6,9,31,127,172,167,128,54,10,7,223,245,272,290,292,266,243,244,238,238,231,222,89,101,121,143,160,166,154,154,151,134,110,93,156,173,196,217,226,216,199,199,195,186,171,158,0.738192976,0.914510489,1.160870075,1.346856713,1.307985544,0.991868913,0.811624408,0.797265768,0.743455946,0.766334593,0.742111266,0.682988167,191,108,531,2191,292,89,203,199,188,223,157,730,172,6,106,506,18,71,33,1659,102,113,156,172,184,161,155,151,133,127,107,98,49.16267395,0,0.787098048,0.864196642,1.049956215,0.729320524,0.645299485,0.215537605,0.135652752,0.115796554,0.195974857,0.284947133,0.581734898,0.689558651,22.5,6.4,0.038461538
73,X73,Landrace,PI586774,Tuson,20.3,-76.2,3.01,2.4,0.27,0.04,2.45,7.1,6.3,7,0.19,24.16,4.07,0.2,0.56,0.04,0.01,39.47,20,95,32,49,1.12,45,35,22,8.62,32.11,0.85,1540,35,46,7,26,1,74,59,25,30,1,5,115,7495,92.96666718,111.4333344,114.3763885,82.32917023,34,41,47,86,187,169,115,127,162,166,78,37,267,274,280,290,292,298,303,303,297,288,277,269,195,195,200,212,222,234,238,237,232,227,218,205,231,234,240,251,257,266,271,270,265,257,248,237,0.607618392,0.667644322,0.742590487,0.815689325,0.73941952,0.722975969,0.824757636,0.781873882,0.681306899,0.612549543,0.586569965,0.595479548,252,62,576,1364,303,195,108,263,233,270,233,1249,187,34,53,525,105,369,105,1661,108,110,145,155,161,157,171,170,150,129,105,100,1.2688061,0,0.4119342,0.470803573,0.460721029,0.488590759,0.317553935,0.307306914,0.27002373,0.211421179,0.297919406,0.281651973,0.271076495,0.341663267,13.69999981,7.6,0.314814815
74,X74,Landrace,PI629218,Argentino,20.3,-102.3,1.21,1.9,0.16,0.03,2,7.9,5.6,6.8,0.42,29.51,9.35,0.29,0.71,0,0,28.24,29,100,23,49,1.1,50,43,30,20.15,28.27,0.8,1528,30,40,5,14,4,80,63,23,37,1,11,1542,4513,99.45694733,126.797226,113.2638855,92.51805878,11,4,3,6,24,137,190,163,116,42,10,7,241,262,288,309,315,284,259,260,256,259,252,241,103,115,132,155,174,181,169,169,167,152,127,108,172,188,210,232,245,232,214,214,212,205,189,175,0.819452941,1.008233309,1.251605153,1.526711226,1.587246299,1.080598354,0.76601547,0.733086705,0.711212993,0.798245847,0.833598673,0.760490537,207,111,526,2191,315,103,212,220,203,241,173,713,190,3,114,517,10,54,29,1788,113,123,167,187,202,174,161,157,141,136,118,109,0,0,1.124029453,1.11906778,1.57403709,1.863233753,1.072395066,0.384816247,0.093538786,0.084339849,0.135646405,0.256366391,0.566938167,0.657645086,11.69999981,8,0.017964072
75,X75,Landrace,PI479101,Yucatan 154,20.6,-90.1,3.08,7.6,0.66,0.03,16.88,7.5,6.4,7.4,0.18,21.62,1.4,0.1,0.57,0,0,34.5,42,100,24,34,1.2,39,33,16,5.68,45.2,2.47,1432,27,36,26,32,11,74,57,25,39,4,5,9,6035,106.922226,130.1194458,136.327774,90.5541687,26,18,13,19,73,145,155,156,184,110,42,31,265,277,295,317,328,320,323,322,309,296,281,268,202,208,217,235,252,254,251,252,249,240,223,209,234,243,256,276,290,287,287,287,279,268,252,239,0.700632274,0.836198807,1.070287824,1.255020142,1.259338975,1.047292233,0.925006986,0.878909945,0.796106458,0.785684109,0.702127993,0.658262074,266,62,494,2004,328,202,126,282,252,288,235,972,184,13,77,524,44,363,83,1733,106,116,158,175,189,171,175,169,144,126,105,99,0.094000183,0,0.588402678,0.818160127,0.697888985,0.85829382,0.743991569,0.502973304,0.70691394,0.516435867,0.35936162,0.279164142,0.388568363,0.605493152,0.600000024,7.5,0.082278481
76,X76,Landrace,PI629250,Jacal,21,-99.9,2.14,6.26,0.53,0.03,1.23,6.8,5.2,6.5,0.18,17.53,5.82,0.23,0.57,0.03,0,25.58,33,91,35,32,1.08,41,39,25,18.17,22.58,1.75,1521,25,44,40,18,5,73,61,21,35,1,5,1791,2376,92.1875,119.3166656,114.0250015,87.11528015,13,7,11,28,51,89,92,86,94,43,12,7,200,222,251,272,276,258,238,239,229,222,210,199,81,94,118,144,163,168,160,159,155,133,105,86,140,158,184,208,219,213,199,199,192,177,158,142,0.7516945,0.910481989,1.176877856,1.346164465,1.348991394,1.085015059,0.888222992,0.863202631,0.807428062,0.797168851,0.790514827,0.713147223,182,94,483,2612,276,81,195,194,147,216,141,533,94,7,79,274,26,130,33,1755,104,118,162,183,195,176,170,168,142,128,109,100,72.67740631,0,0.566093057,0.607987975,0.537294372,0.545067677,0.398146062,0.271273974,0.315968177,0.294658489,0.260220992,0.277412089,0.481046784,0.505014164,15.30000019,6.4,0.059322034
77,X77,Landrace,PI504065,Guanajuato 265,21.1,-101.7,2.14,1.61,0.14,0.03,1.34,7.1,5.4,6.5,0.27,20.76,6.54,0.23,0.59,0.03,0.02,20.28,38,88,26,36,1.25,46,39,23,18.17,22.58,1.46,1533,22,40,11,5,4,80,58,22,38,4,5,1784,3536,97.7638855,121.961113,116.3249969,89.13194275,13,6,5,12,28,99,137,123,97,41,11,9,225,248,277,298,305,283,259,263,253,251,240,227,88,100,121,147,167,172,162,162,157,138,113,94,156,174,199,223,236,228,210,212,205,195,177,160,0.69462055,0.863645375,1.131465435,1.350289941,1.401524901,1.031992912,0.805524588,0.774049938,0.745829344,0.777882516,0.774812162,0.675254822,198,114,526,2506,305,88,218,212,191,232,158,581,137,5,100,383,16,68,35,1722,104,115,158,178,195,172,163,158,138,131,110,100,0.553392768,0,0.932892832,1.004191598,0.971356144,0.731904636,0.57373803,0.255588852,0.308491566,0.275341614,0.276107839,0.391861984,0.690068364,0.840600091,32.09999847,8,0.03164557
78,X78,Landrace,PI490943,San Luis Potosi 14,21.4,-99,3.58,7.91,0.67,0.03,2.18,7.2,5,6.2,0.23,12.63,4.31,0.23,0.6,0.01,0,32.2,38,94,31,31,0.99,33,36,25,5.8,38.2,2.2,1448,23,40,27,22,20,59,47,26,34,4,4,763,13513,84.11528015,106.922226,110.6902771,71.13749695,53,45,50,82,135,281,323,265,392,194,88,55,219,240,267,291,302,292,280,281,271,259,240,221,118,130,154,182,206,214,209,209,202,179,149,124,168,185,211,237,254,253,244,245,237,219,195,173,0.501551926,0.601249695,0.816014588,0.97388494,1.072013974,1.005617619,0.907020152,0.932375312,0.770848811,0.696347833,0.580037177,0.513910711,218,82,444,3003,302,118,185,239,179,253,170,1963,392,45,72,1049,143,697,161,1702,97,110,153,176,191,177,174,170,140,124,99,91,0,0,0.566093057,0.607987975,0.537294372,0.545067677,0.398146062,0.271273974,0.315968177,0.294658489,0.260220992,0.277412089,0.481046784,0.505014164,16.10000038,7.7,0.326797386
79,X79,Landrace,PI629121,Maiz Pepitillo,21.9,-102.7,0,3.05,0.27,0.03,3.33,7.7,7,7.7,0.67,16.02,2.29,0.11,0.81,0,0,27.51,47,100,24,28,1.15,35,31,13,0.96,23.49,2.11,1513,25,44,23,6,3,77,62,21,35,1,5,1676,3161,100.6222229,127.6263885,117.2319412,90.42500305,20,9,4,7,20,67,107,94,66,29,10,11,225,247,276,299,313,298,275,279,268,264,247,228,83,95,112,139,163,174,165,165,160,139,109,90,154,171,194,219,238,236,220,222,214,202,178,159,0.752453029,0.888990343,1.098919511,1.302278757,1.374682546,1.074245691,0.771290123,0.740290701,0.727283716,0.783013642,0.801038265,0.725282311,201,124,537,2797,313,83,230,222,186,237,156,444,107,4,95,295,17,154,51,1885,111,122,170,195,216,195,184,174,152,142,119,105,48.62828445,0,1.4655553,1.053149951,1.460774199,1.239123184,0.971906813,0.307234652,0.157443456,0.139000322,0.200873812,0.387175074,0.861460624,0.927840854,1.299999952,7.7,0.023529412
80,X80,Landrace,PI646017,Tamaulipas 3,23.3,-99,2.87,6.97,0.47,0.03,3.93,7.7,4.5,6.5,0.4,7.11,2.82,0.35,0.6,0,0,44,50,100,26,24,0.7,38,34,21,18.3,36.9,4,1533,25,38,8,11,3,75,55,27,35,4,4,263,4347,89.4263916,107.0361099,118.4791641,71.46111298,16,10,16,31,59,110,101,90,128,54,16,16,232,255,285,312,326,325,321,323,305,287,258,234,127,141,169,199,227,238,233,234,225,198,164,134,179,198,227,255,276,281,277,279,265,243,211,184,0.550514758,0.661090314,0.909250796,1.077029228,1.150120258,1.147780895,1.111151218,1.138409257,0.91292429,0.753973126,0.623014808,0.557550609,240,89,448,3684,326,127,199,269,192,280,181,647,128,10,76,346,36,279,48,1808,97,110,158,186,201,193,193,190,155,131,102,92,1.457823515,0,0.692706218,0.579487232,0.605727045,0.589869517,0.477512193,0.411166541,0.56601233,0.490338347,0.379400438,0.377630469,0.520504767,0.649586023,16,7.7,0.090909091
81,X81,Landrace,PI484870,CIMMYTMA 7227,25,-107,4.44,1.94,0.16,0.03,0.16,6.1,5.2,6,0.03,9.7,3.24,0.2,0.45,0.04,0.03,15.24,55,89,28,17,1.39,34,25,14,1.82,61.93,1.28,1530,24,42,48,14,7,66,58,27,30,1,8,554,5475,97.2013855,131.2472229,117.5263901,82.76944733,37,17,7,5,6,78,300,259,170,66,32,44,238,253,274,300,323,327,310,312,310,304,272,243,113,120,133,157,185,226,234,233,228,197,150,122,176,186,204,228,254,277,272,272,269,250,211,183,0.733652353,0.905220032,1.10181725,1.401700377,1.607693315,1.578013539,1.163359642,0.963790238,0.954470575,1.043423653,0.982036829,0.773755491,232,104,483,3690,327,113,214,272,220,273,178,1021,300,5,115,818,17,678,118,1903,108,119,169,200,226,205,189,174,147,143,120,103,71.70755768,50,1.472315186,1.577213444,1.633574698,1.934040497,1.827946676,1.299999341,0.506322622,0.324158454,0.305132244,0.60779553,1.150152012,1.149271895,3.299999952,6,0.025
82,X82,Landrace,PI629147,Maiz de Allende,25.5,-102.2,3.16,1.02,0.09,0.03,3.12,7.2,5.8,7.4,0.08,13.15,2.39,0.26,0.81,0,0,8.57,72,100,18,10,1.5,31,28,12,17.03,28.76,1.88,1522,25,41,27,6,3,83,70,29,29,1,5,1419,1878,89.27916718,113.6763916,120.75,73.65833282,9,5,4,7,21,33,37,42,41,20,11,10,213,242,277,309,330,332,317,315,288,275,244,216,67,87,117,155,187,205,202,201,183,151,106,75,140,164,197,232,259,269,259,258,236,213,175,146,0.691483974,0.895529687,1.201382875,1.596581817,1.747748137,1.582242966,1.387940884,1.225443602,1.000500798,0.923615932,0.837725103,0.720366776,212,123,463,4484,332,67,265,243,186,265,142,240,42,4,70,124,13,87,28,1698,79,97,143,175,199,191,194,179,146,125,92,78,28.73468208,0,1.399669352,1.557954981,1.286701674,1.212829942,0.823113376,0.64738714,0.542481363,0.465721753,0.488693983,0.600924061,1.048401115,1.265876066,0.600000024,6,0.027972028
83,X83,Landrace,PI620857,Sinaloa 84,26.6,-108.6,1.71,2.68,0.23,0,1.41,6.4,5.6,6.2,0.05,9.78,3.05,0.17,0.48,0.05,0.04,17.16,50,88,29,20,1.36,24,24,13,22.51,19.56,1.35,1557,35,45,33,20,4,73,59,23,32,1,5,224,3198,95.9458313,129.1708374,123.0097198,77.52500153,39,17,11,4,7,38,204,207,120,43,20,38,233,248,272,303,333,350,332,332,327,312,270,236,101,110,124,150,180,227,241,241,234,191,139,108,167,179,198,226,257,289,287,286,281,252,205,172,0.828294337,0.993811607,1.164719462,1.491015196,1.761807561,1.87285924,1.476227283,1.275496364,1.313676238,1.356955528,1.085178375,0.880742967,233,114,459,4564,350,101,249,286,247,287,169,748,207,4,113,618,18,446,116,2004,104,118,169,204,242,231,206,187,169,155,119,100,85.26500702,0,1.671777498,1.473919014,1.944297777,2.033339271,2.407486046,2.028492168,1.274099669,0.673691434,0.484851848,0.805095296,1.599693114,1.295056708,2.299999952,6,0.019607843
84,X84,Landrace,PI620858,Sinaloa 98,26.7,-108.3,1.61,2.68,0.23,0.01,1.41,6.4,5.6,6.2,0.05,9.78,3.05,0.17,0.48,0.05,0.04,17.16,50,88,29,20,1.36,25,24,13,22.43,17.83,1.35,1570,28,47,30,19,3,72,58,23,30,1,5,264,3826,95.9458313,129.1708374,123.0097198,77.52500153,36,18,15,5,8,51,191,173,96,39,18,39,237,253,280,312,344,360,335,335,331,315,273,240,99,108,124,151,182,227,238,236,230,188,136,106,168,181,202,231,263,294,286,286,281,252,205,173,0.836484969,1.007317662,1.208757877,1.589451194,1.88846004,1.965442061,1.438107491,1.253336906,1.284896374,1.335914135,1.078377724,0.873656154,235,121,464,4572,360,99,261,286,252,289,170,689,191,5,105,537,21,433,111,2015,106,120,171,207,244,230,202,186,170,157,121,101,53.73999405,0,1.102646926,1.184661969,1.546829366,1.6971629,2.696012685,1.611439897,1.33962927,0.843750802,0.641757595,0.992694007,1.44075162,1.252593533,3.5,6,0.024154589
85,X85,Landrace,PI474205,Blando de Sonora,27,-109,1.71,2.68,0.23,0.01,1.41,6.4,5.6,6.2,0.05,9.78,3.05,0.17,0.48,0.05,0.04,17.16,50,88,29,20,1.36,24,24,13,22.51,19.56,1.35,1529,25,43,37,25,7,65,53,23,35,1,5,1107,4160,95.9458313,129.1708374,123.0097198,77.52500153,42,23,12,4,3,28,172,189,120,56,28,53,175,188,212,241,271,293,278,278,273,255,213,178,46,54,68,92,123,170,189,189,181,135,83,52,110,121,140,167,197,231,234,233,227,195,148,115,0.848184049,1.013658285,1.18771565,1.511980653,1.775530815,1.81598568,1.381762266,1.209410429,1.273846626,1.339615941,1.078377724,0.920570135,176,112,454,4687,293,46,247,233,187,233,112,730,189,3,101,550,10,550,137,1721,85,97,141,172,206,207,182,165,150,132,100,84,232.6091156,0,1.102646926,1.184661969,1.546829366,1.6971629,2.696012685,1.611439897,1.33962927,0.843750802,0.641757595,0.992694007,1.44075162,1.252593533,2.299999952,6,0.014563107
86,X86,Landrace,PI583894,Llera,27,-108.9,1.71,2.68,0.23,0.01,1.41,6.4,5.6,6.2,0.05,9.78,3.05,0.17,0.48,0.05,0.04,17.16,50,88,29,20,1.36,24,24,13,22.51,19.56,1.35,1559,30,43,33,21,3,72,58,23,33,1,5,344,3362,95.9458313,129.1708374,123.0097198,77.52500153,30,15,10,4,4,29,183,187,108,44,17,34,224,238,263,294,326,346,328,327,323,305,262,227,93,101,116,142,174,220,236,235,228,183,130,98,158,170,190,218,250,283,282,281,275,244,196,162,0.848184049,1.013658285,1.18771565,1.511980653,1.775530815,1.81598568,1.381762266,1.209410429,1.273846626,1.339615941,1.078377724,0.920570135,226,115,452,4727,346,93,254,281,239,282,160,665,187,4,115,557,12,395,94,1954,97,112,162,199,239,233,205,183,167,150,113,94,7.044281006,0,1.102646926,1.184661969,1.546829366,1.6971629,2.696012685,1.611439897,1.33962927,0.843750802,0.641757595,0.992694007,1.44075162,1.252593533,2.299999952,6,0.016736402
87,X87,Landrace,PI620859,Sonora 153,29,-110.1,1.59,0.33,0.02,0.03,5.88,6.9,6.6,7,0.18,12.14,1.65,0.15,0.92,0.02,0.03,18.58,56,92,26,18,1.31,27,19,10,19.09,19.98,1.7,1571,19,49,17,14,1,82,69,17,34,1,5,574,2599,91.0513916,121.7333298,122.2375031,72.1819458,26,17,11,5,3,24,161,130,64,23,16,31,201,220,253,291,329,365,344,335,327,296,242,200,63,74,92,121,158,204,225,222,209,155,100,66,132,147,172,206,244,284,284,279,268,225,171,133,0.949758112,1.118917584,1.402876377,1.886668086,2.346127748,2.682685137,1.99519825,1.748204112,1.910437584,1.792159796,1.324718118,1.024735689,212,131,436,5727,365,63,302,281,231,284,133,511,161,3,115,421,11,346,83,1827,85,98,145,184,223,226,196,181,163,140,101,85,16.07275009,0,1.145080946,1.104961736,1.382721508,1.747733958,3.086493239,1.836998716,2.550482324,1.461552448,1.160717925,1.80184788,1.209785244,1.334531707,3.299999952,7.8,0.013452915
88,X88,Landrace,PI218180,NRC 5348,32.1,-111,1.56,1.1,0.11,0,0.56,5.5,4.4,5,0.68,7.1,1.64,0.08,0.22,0.58,0,19.87,31,62,52,17,1.53,22,27,12,30.58,26.08,0.28,1575,17,25,11,5,1,82,72,29,46,7,5,770,1790,84.18888855,119.7305527,121.8180542,62.88194656,22,21,17,7,3,6,55,58,35,21,17,29,181,202,238,284,331,381,373,358,345,294,228,178,52,66,92,130,179,231,250,242,218,158,94,51,116,134,165,207,255,306,311,300,282,226,161,114,0.639059722,0.78387785,1.002199531,1.489842176,2.129295826,2.959497929,2.417016029,2.074634552,1.970844746,1.506226063,0.941264331,0.636617303,215,125,379,7238,381,51,330,304,239,310,116,291,58,3,70,171,13,116,73,1692,66,79,118,159,205,229,215,194,162,124,79,62,2.964310884,0,1.109337152,1.079944143,1.177259095,1.721111772,3.185890788,3.290282887,3.371352085,1.827674685,1.047969167,1.258006045,1.212909392,1.325572521,2.5,8.2,0.014634146
89,X89,Landrace,PI233011,Haunschild White,37.4,-94.1,2.23,2.13,0.2,0.01,0,6.5,5.5,5.3,0,10.08,2.2,0.02,0.37,0.03,0.11,14.91,13,74,71,16,1.34,27,26,12,23.34,22.96,0,1559,22,39,7,19,3,58,48,49,12,5,1,315,9079,67.8722229,91.51249695,114.9638901,43.98333359,43,54,86,105,136,136,102,92,124,96,87,63,55,83,141,197,241,288,315,308,259,195,127,66,-37,-17,33,84,137,188,215,207,159,98,41,-18,9,33,87,141,189,238,265,257,209,147,84,24,0.183393106,0.221562311,0.37141943,0.562772155,0.630347788,0.811099827,1.045270324,0.96921581,0.681113839,0.542041123,0.319568843,0.19952938,140,91,259,8856,315,-37,352,222,14,260,14,1124,136,43,31,408,149,286,149,1206,29,40,75,113,149,168,184,168,122,84,45,29,5.358058929,0,0.732338194,0.5410454,0.529284327,0.351615454,0.343134581,0.418815405,0.566281893,0.612225063,0.549772311,0.640599871,0.650476854,0.59704294,13.30000019,5.5,0.547619048
90,X90,Landrace,PI221866,Boone County White,37.9,-94.2,1.8,1.66,0.15,0.02,0,6.2,5,5.8,0,9.82,2,0.07,0.31,0.21,0.11,11.92,23,93,60,17,1.41,29,28,13,21.85,23.49,0.71,1572,25,37,7,21,3,61,48,48,15,5,1,255,8824,67.8722229,91.51249695,114.9638901,43.98333359,37,50,80,101,135,136,103,97,116,91,70,54,51,81,142,199,245,293,320,312,262,196,127,64,-41,-21,31,85,139,191,218,210,160,99,40,-21,5,30,86,142,192,242,269,261,211,148,83,21,0.170027107,0.208021849,0.356257588,0.557039976,0.640735209,0.837433279,1.077634215,0.97500366,0.697599947,0.540228546,0.312050968,0.187764823,141,92,256,9122,320,-41,361,225,11,263,11,1070,136,37,34,407,128,297,128,1217,27,38,75,114,152,171,190,171,123,84,44,28,2.017601013,0,0.732338194,0.5410454,0.529284327,0.351615454,0.343134581,0.418815405,0.566281893,0.612225063,0.549772311,0.640599871,0.650476854,0.59704294,13.19999981,5.5,0.542105263
91,X91,Landrace,PI674444,Virginia Gourdseed,38.7,-77,10.9,1.19,0.23,0.01,0.15,4.9,4.6,4.4,0.39,1.46,0.45,0,0.19,0.58,3.94,8.88,47,27,41,12,1.32,23,20,8,8.31,28.29,0.07,1575,11,25,8,34,4,51,41,30,45,7,8,0,9012,64.1361084,88.60832977,105.0263901,41.70972061,84,77,99,91,100,97,115,117,89,85,82,88,60,76,127,189,239,283,305,292,251,188,132,79,-20,-13,26,80,133,184,211,202,164,99,50,2,20,32,76,134,186,234,258,247,207,144,91,41,0.232220903,0.266721487,0.407003075,0.589890003,0.691365004,0.890870273,0.984562635,0.874854803,0.689063311,0.503623068,0.381983459,0.25990212,139,85,261,8332,305,-20,325,250,28,250,27,1124,117,77,13,349,238,349,256,1124,28,36,69,107,145,163,169,149,112,76,43,27,0,0,0.587669287,0.49146328,0.392564404,0.341978993,0.402535729,0.304669602,0.325775105,0.353319007,0.42558249,0.613121814,0.573298997,0.532266787,13.19999981,4.6,0.595092025
92,X92,Landrace,PI278714,Fosters White,38.9,-83,1.55,1.71,0.14,0.02,0.23,7,4.9,6,0.52,16.18,3.62,0.08,1.12,0.02,0.93,20.61,38,97,39,23,1.4,26,28,15,23.26,25.48,0.28,1579,16,27,13,27,6,55,45,39,35,7,4,159,8833,62.50694275,83.6166687,105.9486084,37.65833282,81,72,105,97,110,95,113,99,76,66,78,82,41,61,116,180,229,272,289,282,241,177,118,60,-36,-25,20,74,127,175,197,189,149,87,38,-12,2,18,68,127,178,223,243,235,195,132,78,24,0.161335588,0.193185106,0.340840638,0.531896412,0.619728625,0.730594575,0.750619829,0.679898739,0.531624138,0.433400929,0.293472409,0.181895703,127,84,258,8439,289,-36,325,236,153,238,10,1074,113,66,17,321,208,311,244,1157,25,34,68,108,150,171,177,159,118,79,42,26,34.32475662,70,0.452235433,0.398910845,0.335116579,0.252466063,0.256725246,0.247027537,0.239274176,0.322344249,0.381240303,0.555090993,0.466340909,0.359221859,15.10000038,5.1,0.555555556
93,X93,Landrace,PI213727,Clive Corn,38.9,-89.4,1.71,0.94,0.15,0.01,3.04,5.8,5.2,5.6,0.47,6.92,1.54,0.06,0.22,0.1,0.06,13.87,19,74,62,18,1.38,25,27,12,20.24,20.36,0.31,1602,23,25,3,19,1,61,42,55,19,8,2,186,8536,65.25138855,87.8611145,111.6333313,40.46250153,57,60,91,103,113,111,99,79,82,76,92,77,32,60,123,188,241,290,309,298,252,185,116,50,-52,-35,19,77,134,186,210,199,153,90,34,-27,-10,12,71,132,188,238,259,248,203,138,75,12,0.137212291,0.170424938,0.297031403,0.53016603,0.695926964,0.929797471,0.980821669,0.8175385,0.656357169,0.500257909,0.276382804,0.14902316,130,89,248,9353,309,-52,361,221,5,252,-3,1040,113,57,20,335,177,309,191,1134,22,31,65,104,146,171,180,159,118,77,38,23,15.28264236,0,0.67752602,0.450195027,0.350608256,0.312082826,0.307952964,0.307802684,0.427107906,0.468959278,0.558586547,0.739370676,0.559536995,0.527399282,21,5.5,0.496855346
94,X94,Landrace,PI608619,Minnesota 13,39.2,-108.8,1.17,0.55,0.08,0.03,12.4,8,6.7,7.8,5.84,40.89,4.15,0.44,0.97,0.92,0,12.85,27,100,46,27,1.45,20,29,16,26.48,16.17,1.16,1608,19,24,6,8,0,82,75,41,36,7,5,1380,1745,71.09860992,105.0458298,124.1652756,49.17222214,15,14,20,17,21,13,17,22,19,23,17,16,47,74,125,177,239,312,341,320,269,190,100,45,-66,-40,4,45,96,153,194,181,131,62,-3,-55,-10,17,65,111,168,233,267,251,200,126,48,-5,0.128457382,0.241868868,0.427033961,0.706400037,1.082997203,1.670389891,1.954222441,1.706014156,1.203870058,0.694986045,0.318820894,0.160522953,123,119,291,9632,341,-66,407,151,8,256,-8,214,23,13,17,65,43,61,46,1312,23,37,76,115,165,203,220,189,136,85,40,23,10.14158344,0,0.516428575,0.402810049,0.370114465,0.365074396,0.526258462,0.826259261,1.690444817,1.271155635,0.712464181,0.79320564,0.563904035,0.652776445,10.10000038,8,0.064039409
95,X95,Landrace,PI221884,Pipe Corn,39.4,-93.5,2.69,1.45,0.21,0.01,0.02,6.3,5.3,5.6,0.06,14.97,3.55,0.07,0.47,0,0.03,16.83,22,89,52,25,1.61,27,31,18,20.9,26.16,0.02,1573,25,35,1,20,3,61,50,55,10,5,1,242,8640,64.24028015,88.27222443,113.5222244,40.88888931,35,35,71,98,124,120,115,101,118,95,63,45,27,56,122,187,239,287,310,300,251,183,110,43,-63,-44,13,71,129,183,210,198,149,87,24,-41,-18,6,67,129,184,235,260,249,200,135,67,1,0.137305379,0.164002523,0.297145963,0.515841901,0.641959667,0.84411031,1.012010098,0.885442376,0.650523841,0.491786271,0.272101194,0.151612669,126,92,247,9649,310,-63,373,218,-2,253,-12,1020,124,35,38,364,105,317,115,1140,21,31,66,108,149,170,184,162,115,75,37,22,10.35745049,0,0.59894338,0.599382525,0.502181434,0.398532863,0.343395424,0.364640179,0.627072834,0.595176369,0.600467242,0.631531614,0.657640631,0.589910914,40.40000153,6.4,0.62345679
96,X96,Landrace,PI221869,Johnson County White,39.4,-91.1,1.7,1.21,0.15,0.01,0.02,6.3,5.1,5.7,0.06,8.4,1.73,0,0.3,0.04,0.03,14.57,11,83,70,19,1.39,21,26,12,21.4,21,0,1536,23,34,14,18,2,61,55,50,16,5,1,166,8408,63.47083282,87.90000153,112.0638885,40.27639008,39,40,68,88,94,92,89,83,88,66,60,46,26,54,119,185,238,287,307,296,249,181,110,43,-61,-43,13,72,130,182,207,196,149,87,27,-36,-17,6,66,128,184,234,257,246,199,134,68,4,0.124840915,0.149904177,0.27563554,0.498776376,0.629801095,0.851128221,0.946362972,0.825922072,0.626812577,0.467193097,0.257222801,0.136062443,126,90,246,9528,307,-61,368,217,-2,250,-10,853,94,39,28,278,119,255,124,1137,21,31,64,106,148,170,182,160,118,77,38,22,21.13875198,0,0.543440021,0.462512858,0.383924837,0.333859171,0.326087339,0.309900365,0.537448478,0.548431929,0.619360118,0.690882118,0.625036134,0.522433698,17.29999924,5.7,0.489010989
97,X97,Landrace,PI608599,Bloody Butcher,40,-108.3,2.96,0.66,0.18,0.03,4.27,7.7,5.3,7.5,0.32,39.6,2.61,0,0.87,0.03,0,13.39,57,100,27,16,1.32,20,21,10,22.73,18.09,0,1532,20,22,14,10,4,83,72,33,45,7,5,1998,3396,71.09860992,105.0458298,124.1652756,49.17222214,21,22,31,37,36,28,29,35,33,36,26,23,7,31,80,129,189,260,295,277,224,146,59,6,-103,-81,-37,1,50,104,144,134,86,22,-43,-96,-48,-25,22,65,119,182,219,205,155,84,8,-45,0.126335382,0.193419084,0.308139235,0.515503168,0.778146267,1.172682405,1.420578718,1.265519381,0.885074675,0.551885009,0.263467461,0.146146595,78,117,295,9343,295,-103,398,101,-33,210,-47,357,37,21,19,109,65,99,65,1113,19,28,56,91,138,176,197,169,117,71,32,19,122.1656876,0,0.570954898,0.455717179,0.370093783,0.362350174,0.497737695,0.851752197,1.437900932,1.47510511,0.878040294,0.769127629,0.602691115,0.608535417,10.10000038,8,0.147208122
119,X119,Teosinte,PI  615697,30919,12.9,-86.98,2.37,4.34,0.31,0.03,0.33,6.9,5.6,6.8,0.45,29.51,9.35,0.29,0.71,0,0,52.52,18,100,39,43,1.36,50,43,30,4.46,32.95,0.8,1476,22,34,12,20,15,65,50,24,42,4,5,6,9064,103.6194458,120.8902817,113.5319443,106.8833313,1,2,6,26,262,308,156,225,381,337,69,5,321,331,340,347,331,314,321,320,307,305,313,316,240,243,247,258,260,256,257,255,249,247,244,243,280,287,294,303,296,285,289,288,278,276,279,280,1.186669946,1.359766006,1.525946975,1.532884717,1.14149797,0.8101601,0.960054398,0.86768496,0.666272044,0.567421019,0.835009336,1.006495953,286,66,613,779,347,240,107,277,285,300,277,1778,381,1,95,1055,5,58,1055,1903,146,152,186,190,183,156,164,164,150,143,134,135,2.436212778,0,0.962509124,0.951682905,0.911543303,0.65508942,0.318132442,0.185135606,0.160222754,0.197733685,0.163504692,0.224317296,0.43709053,0.590366769,15.39999962,6.7,0.006849315
120,X120,Teosinte,PI 566680,W.S.T. 92-5,20.13,-101.1,9.14,2.77,0.24,0.03,1.85,6.8,5.6,6.5,0.15,20.12,6.35,0.22,0.59,0.03,0.01,23.25,36,92,32,31,1.2,45,42,27,9.92,49.72,0.97,1471,37,44,21,29,6,62,52,21,35,1,11,2194,5028,99.36528015,126.5833359,114.7916641,93.09583282,19,10,9,15,40,166,224,206,156,64,13,11,201,221,246,265,267,242,220,221,216,216,210,200,65,77,94,116,134,141,131,130,129,112,87,69,133,149,170,190,201,192,175,175,172,164,149,135,0.703323901,0.884649038,1.128885508,1.315066814,1.271522522,0.908289492,0.725259304,0.723073125,0.668593168,0.71240443,0.69467175,0.645419776,167,109,537,2113,267,65,202,175,163,197,133,933,224,9,104,636,28,95,49,1579,98,108,148,167,180,153,144,141,125,119,102,94,42.56861496,0,0.787098048,0.864196642,1.049956215,0.729320524,0.645299485,0.215537605,0.135652752,0.115796554,0.195974857,0.284947133,0.581734898,0.689558651,22.60000038,8,0.060810811
123,X123,Teosinte,PI  566688,Maiz de Huiscatote,18.42,-99.97,5.23,1.69,0.14,0.03,0.1,6.1,5.5,5.8,0.03,8.11,2.5,0.13,0.32,0.06,0.06,17,55,82,31,13,1.4,38,23,12,7.07,35.18,1.29,1450,29,43,40,23,10,63,49,19,37,1,5,1748,7803,100.1069412,125.6374969,115.8777771,98.02361298,14,5,4,10,61,272,281,272,262,111,18,6,235,251,271,285,280,243,239,236,228,235,236,232,102,112,122,139,155,157,150,151,150,142,123,106,168,181,196,212,218,200,195,193,189,188,180,169,0.759492218,0.913243353,1.130452752,1.240168452,1.073163152,0.704925478,0.578833938,0.563213229,0.500407338,0.605514824,0.693915784,0.702007353,191,102,559,1442,285,102,183,196,191,216,169,1316,281,4,108,834,13,132,34,1616,111,120,160,175,178,146,140,138,121,117,106,104,96.72112274,0,0.787456075,0.690601774,0.920829566,0.67365536,0.461035579,0.170725428,0.156870402,0.131847977,0.197768601,0.378407717,0.517829677,0.814807709,17.5,6,0.025
124,X124,Teosinte,PI 384069,Wilkes 8,18.35,-99.85,5.23,1.69,0.14,0.03,0.1,6.1,5.5,5.8,0.03,8.11,2.5,0.13,0.32,0.06,0.06,17,55,82,31,13,1.4,38,23,12,7.07,35.18,1.29,1462,26,44,20,23,6,65,51,23,33,1,5,1620,6908,100.1069412,125.6374969,115.8777771,98.02361298,12,4,4,11,63,240,244,239,226,94,16,5,244,260,280,294,288,251,248,245,237,243,245,241,111,121,131,149,164,164,158,159,158,151,132,115,177,190,205,221,226,208,203,202,198,197,189,178,0.759492218,0.913243353,1.130452752,1.240168452,1.073163152,0.704925478,0.578833938,0.563213229,0.500407338,0.605514824,0.693915784,0.702007353,200,102,561,1431,294,111,183,205,200,225,178,1158,244,4,107,728,12,137,29,1666,115,124,165,178,181,151,145,143,125,122,110,107,1.303629756,0,0.787456075,0.690601774,0.920829566,0.67365536,0.461035579,0.170725428,0.156870402,0.131847977,0.197768601,0.378407717,0.517829677,0.814807709,17.5,6,0.024242424
125,X125,Teosinte,PI 566685,Acece,19.37,-98.97,5.11,2.77,0.24,0.03,1.85,6.8,5.6,6.5,0.15,20.12,6.35,0.22,0.59,0.03,0.01,23.25,36,92,32,31,1.2,45,42,27,8.07,34.82,0.97,1430,29,31,15,25,13,82,62,27,42,4,4,2239,3567,91.66110992,112.8458328,107.6527786,87.81111145,10,6,12,23,53,110,121,116,100,47,9,5,200,218,240,252,249,232,223,223,213,211,206,199,72,83,99,118,130,136,129,131,130,114,91,76,136,150,169,185,190,184,176,177,171,163,149,137,0.601865768,0.741583049,0.939148307,0.984232306,0.848487437,0.654188037,0.518659651,0.499161154,0.479054004,0.521021008,0.541879117,0.538942337,166,102,570,1771,252,72,180,177,141,188,136,612,121,5,89,353,19,129,25,1640,108,116,157,169,175,153,149,148,129,125,109,102,0,0,0.56284827,0.642182642,0.63369848,0.538203275,0.414286405,0.218183728,0.224047704,0.183633159,0.252924334,0.313619578,0.512264422,0.570296673,32.5,6.4,0.049019608
126,X126,Teosinte,PI  566677,Maiz de Coyote,20.17,-101.87,9.14,1.61,0.14,0.03,1.34,7.1,5.4,6.5,0.27,20.76,6.54,0.23,0.59,0.03,0.02,20.28,38,88,26,36,1.25,46,39,23,9.92,49.72,1.46,1499,36,44,43,20,9,66,52,22,34,1,11,1921,4962,99.36528015,126.5833359,114.7916641,93.09583282,17,8,6,11,38,152,216,194,144,58,12,11,219,240,265,285,290,260,237,238,234,236,230,219,82,94,110,132,151,159,148,148,146,131,106,87,151,167,188,209,221,210,192,193,190,184,168,153,0.789454699,0.97968775,1.257856369,1.525031805,1.564125657,1.074109912,0.79089272,0.765189052,0.724413157,0.800088167,0.810869753,0.732978165,185,110,532,2119,290,82,207,193,181,217,152,867,216,6,107,604,20,87,45,1717,108,118,161,181,193,169,155,153,135,129,112,103,216.1927643,0,0.787098048,0.864196642,1.049956215,0.729320524,0.645299485,0.215537605,0.135652752,0.115796554,0.195974857,0.284947133,0.581734898,0.689558651,22.70000076,8,0.037267081
127,X127,Teosinte,PI 566691,Maiz de pajaro,19.27,-100.54,3.39,3.2,0.27,0.04,1.24,6.9,5.3,5.7,0.09,6.97,2.23,0.11,0.5,0.02,0.03,27.61,44,87,29,26,1.26,27,30,20,2.43,52.89,1.3,1531,28,44,36,24,8,68,55,21,35,1,4,915,5379,96.1166687,124.2958374,110.3930588,93.66110992,18,6,5,10,55,174,179,176,158,79,15,7,279,299,322,339,337,299,286,284,278,283,282,277,144,157,170,190,206,207,198,197,196,184,164,147,212,228,246,265,271,253,242,240,237,234,223,212,0.915688097,1.070612431,1.306402087,1.487953544,1.478390694,1.082876801,0.853072762,0.8205567,0.753834665,0.825748026,0.874877274,0.841351807,239,106,542,1790,339,144,195,245,240,269,212,882,179,5,99,532,16,120,43,1965,134,145,193,209,220,182,170,166,147,143,130,126,34.17055893,0,0.787098048,0.864196642,1.049956215,0.729320524,0.645299485,0.215537605,0.135652752,0.115796554,0.195974857,0.284947133,0.581734898,0.689558651,12,7.5,0.025906736
128,X128,Teosinte,Ames  8083,Ames 8083,19.15,-96.55,2.76,1.62,0.14,0.04,1.41,6.2,5.6,6.1,0.05,10.13,2.67,0.18,0.39,0.06,0.06,15.84,55,85,27,18,1.33,37,29,17,2.89,47.27,1.92,1484,22,40,13,30,6,61,49,23,36,4,5,279,5842,83.4458313,99.93611145,101.523613,72.73194122,17,16,18,24,59,223,267,208,207,75,36,20,249,263,284,304,313,304,298,299,293,285,268,253,175,181,195,217,234,241,237,238,238,224,202,183,212,222,240,260,274,272,268,269,265,254,235,218,0.476564974,0.525499463,0.633297622,0.763566852,0.837913394,0.719993889,0.686989188,0.70685786,0.632896304,0.673901975,0.575555503,0.502287865,249,64,465,2168,313,175,138,269,218,273,214,1170,267,16,96,757,49,505,54,1727,107,114,155,173,186,169,164,168,145,133,110,103,31.91105843,0,0.458736174,0.495698039,0.696674989,0.681151181,0.499637175,0.333125094,0.291679894,0.311539894,0.26799572,0.382564681,0.358298682,0.458772416,14.60000038,7.2,0.116129032
129,X129,Teosinte,CIMMYTMA 13556,TEOSIN 69-15,19.22,-98.8,13.1,2.77,0.24,0.04,1.85,6.8,5.6,6.5,0.15,20.12,6.35,0.22,0.59,0.03,0.01,23.25,36,92,32,31,1.2,45,42,27,5.1,63.26,0.97,1436,21,43,23,26,10,67,54,25,32,1,11,2372,4673,91.66110992,112.8458328,107.6527786,87.81111145,9,6,10,23,52,109,120,115,101,47,10,5,193,210,232,244,241,224,217,217,207,205,200,193,67,77,92,111,123,128,122,124,123,108,87,71,130,144,162,178,182,176,169,171,165,157,143,132,0.505066633,0.599520445,0.734884024,0.766697943,0.640109003,0.464258879,0.389823467,0.394287139,0.3715325,0.433294505,0.459768295,0.441276401,159,102,577,1709,244,67,177,170,136,181,131,607,120,5,90,350,20,127,23,1560,105,111,149,161,166,144,140,139,122,120,104,99,0,0,0.56284827,0.642182642,0.63369848,0.538203275,0.414286405,0.218183728,0.224047704,0.183633159,0.252924334,0.313619578,0.512264422,0.570296673,32.5,6.4,0.050505051